,,,,,,,,,,,,,,,PP,,PSOE,,VOX,,SUMAR,,ERC,,JxCAT - JUNTS,,EH Bildu,,EAJ-PNV,,B.N.G.,,CCa,,U.P.N.,,PACMA,,CUP-PR,,FO,,NC-bc,,PDeCAT-E-CiU,,RECORTES CERO,,PUM+J,,U.P.L.,,EXISTE,,PCTE,,GBAI,,SY,,ADELANTE ANDALUCÍA,,ESCAÑOS EN BLANCO,,JM+,,XAV,,BQEX,,CJ,,FE de las JONS,,PAR,,ESPAÑA VACIADA,,PH,,ASTURIAS EXISTE EV,,XH,,VP,,Zsi,,VB,,POR MI REGIÓN,,AHORA CANARIAS-PCPC,,PARTIDO AUTÓNOMOS,,EVB,,CpM,,JxG,,EV-PCAS-TC,,PREPAL,,Somos Cc,,ALM,,F.I.A.,,3e,,Ud.Ca,,GITV,,PUEDE,,EVC,,LB,,UNIDOS SI,,+RDS+,,CCD,,FUERZA CÍVICA,
Nombre de Comunidad,Código de Provincia,Nombre de Provincia,Población,Número de mesas,Censo electoral sin CERA,Censo CERA,Total censo electoral,Total votantes CER,Total votantes CERA,Total votantes,Votos válidos,Votos a candidaturas,Votos en blanco,Votos nulos,Votos,Diputados,Votos,Diputados,Votos,Diputados,Votos,Diputados,Votos,Diputados,Votos,Diputados,Votos,Diputados,Votos,Diputados,Votos,Diputados,Votos,Diputados,Votos,Diputados,Votos,Diputados,Votos,Diputados,Votos,Diputados,Votos,Diputados,Votos,Diputados,Votos,Diputados,Votos,Diputados,Votos,Diputados,Votos,Diputados,Votos,Diputados,Votos,Diputados,Votos,Diputados,Votos,Diputados,Votos,Diputados,Votos,Diputados,Votos,Diputados,Votos,Diputados,Votos,Diputados,Votos,Diputados,Votos,Diputados,Votos,Diputados,Votos,Diputados,Votos,Diputados,Votos,Diputados,Votos,Diputados,Votos,Diputados,Votos,Diputados,Votos,Diputados,Votos,Diputados,Votos,Diputados,Votos,Diputados,Votos,Diputados,Votos,Diputados,Votos,Diputados,Votos,Diputados,Votos,Diputados,Votos,Diputados,Votos,Diputados,Votos,Diputados,Votos,Diputados,Votos,Diputados,Votos,Diputados,Votos,Diputados,Votos,Diputados,Votos,Diputados,Votos,Diputados,Votos,Diputados,Votos,Diputados
Andalucía,4,Almería,"740,534",837,"471,427","44,687","516,114","321,424","2,981","324,405","321,242","318,778","2,464","3,163","131,524",3,"93,282",2,"68,364",1,"21,485",0,0,0,0,0,0,0,0,0,0,0,0,0,0,0,"1,962",0,0,0,500,0,0,0,0,0,206,0,371,0,0,0,0,0,0,0,0,0,0,0,0,0,0,0,0,0,0,0,0,0,0,0,0,0,0,0,0,0,0,0,0,0,0,0,0,0,0,0,0,0,0,0,0,0,0,0,0,0,0,0,0,0,0,0,0,0,0,0,874,0,0,0,0,0,0,0,0,0,0,0,0,0,210,0,0,0,0,0,0,0,0,0
Andalucía,11,Cádiz,"1,246,781","1,528","986,857","31,101","1,017,958","641,933","2,868","644,801","637,098","629,995","7,103","7,703","221,703",4,"211,200",3,"96,720",1,"82,115",1,0,0,0,0,0,0,0,0,0,0,0,0,0,0,"5,937",0,0,0,"1,225",0,0,0,0,0,486,0,673,0,0,0,0,0,0,0,0,0,0,0,"9,191",0,0,0,0,0,0,0,0,0,745,0,0,0,0,0,0,0,0,0,0,0,0,0,0,0,0,0,0,0,0,0,0,0,0,0,0,0,0,0,0,0,0,0,0,0,0,0,0,0,0,0,0,0,0,0,0,0,0,0,0,0,0,0,0,0,0,0,0,0,0,0
Andalucía,14,Córdoba,"772,464",948,"626,123","19,165","645,288","453,432","2,132","455,564","448,602","444,254","4,348","6,962","169,976",2,"144,080",2,"62,526",1,"61,594",1,0,0,0,0,0,0,0,0,0,0,0,0,0,0,"2,699",0,0,0,701,0,0,0,0,0,392,0,598,0,0,0,0,0,746,0,0,0,0,0,0,0,942,0,0,0,0,0,0,0,0,0,0,0,0,0,0,0,0,0,0,0,0,0,0,0,0,0,0,0,0,0,0,0,0,0,0,0,0,0,0,0,0,0,0,0,0,0,0,0,0,0,0,0,0,0,0,0,0,0,0,0,0,0,0,0,0,0,0,0,0,0
Andalucía,18,Granada,"921,987","1,121","712,178","53,300","765,478","504,830","4,656","509,486","502,845","498,788","4,057","6,641","185,996",3,"165,862",2,"81,080",1,"58,567",1,0,0,0,0,0,0,0,0,0,0,0,0,0,0,"3,143",0,0,0,658,0,0,0,0,0,343,0,765,0,0,0,0,0,695,0,0,0,0,0,0,0,0,0,0,0,0,0,0,0,461,0,0,0,0,0,0,0,0,0,0,0,0,0,0,0,0,0,0,0,0,0,0,0,0,0,0,0,0,0,"1,218",0,0,0,0,0,0,0,0,0,0,0,0,0,0,0,0,0,0,0,0,0,0,0,0,0,0,0,0,0,0,0
Andalucía,21,Huelva,"528,763",651,"394,310","8,194","402,504","260,172",689,"260,861","256,804","254,394","2,410","4,057","93,565",2,"92,326",2,"37,572",1,"26,752",0,0,0,0,0,0,0,0,0,0,0,0,0,0,0,"1,663",0,0,0,0,0,0,0,0,0,217,0,368,0,0,0,0,0,0,0,0,0,0,0,0,0,0,0,0,0,0,0,0,0,0,0,0,0,0,0,0,0,0,0,0,0,"1,931",0,0,0,0,0,0,0,0,0,0,0,0,0,0,0,0,0,0,0,0,0,0,0,0,0,0,0,0,0,0,0,0,0,0,0,0,0,0,0,0,0,0,0,0,0,0,0,0,0
Andalucía,23,Jaén,"623,761",873,"504,825","13,546","518,371","372,097","1,560","373,657","368,731","366,234","2,497","4,926","137,617",2,"133,819",2,"54,400",1,"29,461",0,0,0,0,0,0,0,0,0,0,0,0,0,0,0,"1,671",0,0,0,410,0,0,0,0,0,203,0,360,0,0,0,0,0,0,0,0,0,0,0,0,0,0,0,"8,293",0,0,0,0,0,0,0,0,0,0,0,0,0,0,0,0,0,0,0,0,0,0,0,0,0,0,0,0,0,0,0,0,0,0,0,0,0,0,0,0,0,0,0,0,0,0,0,0,0,0,0,0,0,0,0,0,0,0,0,0,0,0,0,0,0,0,0
Andalucía,29,Málaga,"1,717,504","1,734","1,178,993","60,853","1,239,846","792,942","5,615","798,557","788,338","780,829","7,509","10,219","302,000",5,"239,172",3,"129,758",2,"96,652",1,0,0,0,0,0,0,0,0,0,0,0,0,0,0,"8,487",0,0,0,"1,662",0,0,0,0,0,888,0,"1,519",0,0,0,0,0,0,0,0,0,0,0,0,0,0,0,0,0,0,0,0,0,691,0,0,0,0,0,0,0,0,0,0,0,0,0,0,0,0,0,0,0,0,0,0,0,0,0,0,0,0,0,0,0,0,0,0,0,0,0,0,0,0,0,0,0,0,0,0,0,0,0,0,0,0,0,0,0,0,0,0,0,0,0
Andalucía,41,Sevilla,"1,948,393","2,588","1,525,548","38,534","1,564,082","1,070,436","4,697","1,075,133","1,059,358","1,048,407","10,951","15,775","353,663",4,"387,760",5,"141,087",1,"148,745",2,0,0,0,0,0,0,0,0,0,0,0,0,0,0,"9,288",0,0,0,"1,950",0,0,0,0,0,"1,034",0,"1,765",0,0,0,0,0,"1,522",0,0,0,0,0,0,0,0,0,0,0,0,0,0,0,912,0,681,0,0,0,0,0,0,0,0,0,0,0,0,0,0,0,0,0,0,0,0,0,0,0,0,0,0,0,0,0,0,0,0,0,0,0,0,0,0,0,0,0,0,0,0,0,0,0,0,0,0,0,0,0,0,0,0,0,0,0
Aragón,22,Huesca,"225,456",403,"165,249","8,142","173,391","120,190",958,"121,148","119,895","118,678","1,217","1,253","45,783",2,"40,307",1,"15,155",0,"13,774",0,0,0,0,0,0,0,0,0,0,0,0,0,0,0,498,0,0,0,258,0,0,0,0,0,64,0,114,0,0,0,"1,312",0,137,0,0,0,0,0,0,0,475,0,0,0,0,0,0,0,0,0,0,0,717,0,0,0,0,0,0,0,0,0,0,0,0,0,0,0,0,0,0,0,0,0,0,0,0,0,0,0,0,0,0,0,0,0,0,0,84,0,0,0,0,0,0,0,0,0,0,0,0,0,0,0,0,0,0,0,0,0
Aragón,44,Teruel,"134,421",328,"101,249","5,103","106,352","76,118",443,"76,561","75,913","75,503",410,648,"26,586",2,"22,226",1,"9,932",0,"4,126",0,0,0,0,0,0,0,0,0,0,0,0,0,0,0,172,0,0,0,94,0,0,0,0,0,49,0,36,0,0,0,"11,348",0,60,0,0,0,0,0,0,0,135,0,0,0,0,0,0,0,0,0,0,0,711,0,0,0,0,0,0,0,0,0,0,0,0,0,0,0,0,0,0,0,0,0,0,0,0,0,0,0,0,0,0,0,0,0,0,0,28,0,0,0,0,0,0,0,0,0,0,0,0,0,0,0,0,0,0,0,0,0
Aragón,50,Zaragoza,"966,438","1,467","713,505","26,555","740,060","519,339","4,071","523,410","518,705","514,012","4,693","4,705","186,776",3,"159,858",2,"79,376",1,"69,925",1,0,0,0,0,0,0,0,0,0,0,0,0,0,0,"2,428",0,0,0,"1,026",0,0,0,0,0,306,0,419,0,0,0,"7,780",0,561,0,0,0,0,0,0,0,"2,146",0,0,0,0,0,0,0,0,0,272,0,"2,745",0,0,0,0,0,0,0,0,0,0,0,0,0,0,0,0,0,0,0,0,0,0,0,0,0,0,0,0,0,0,0,0,0,0,0,394,0,0,0,0,0,0,0,0,0,0,0,0,0,0,0,0,0,0,0,0,0
Principado de Asturias,33,Asturias,"1,004,686","1,528","835,593","123,430","959,023","594,417","8,766","603,183","597,032","590,953","6,079","6,151","212,816",3,"205,049",2,"74,571",1,"88,630",1,0,0,0,0,0,0,0,0,0,0,0,0,0,0,"3,167",0,0,0,"1,176",0,0,0,0,0,590,0,773,0,0,0,0,0,"1,598",0,0,0,0,0,0,0,0,0,0,0,0,0,0,0,0,0,0,0,0,0,0,0,0,0,"2,314",0,0,0,0,0,0,0,0,0,0,0,0,0,0,0,0,0,0,0,0,0,0,0,0,0,0,0,0,0,0,0,0,0,0,0,0,0,269,0,0,0,0,0,0,0,0,0,0,0,0,0
Illes Balears,7,Illes Balears,"1,176,659","1,249","795,915","32,840","828,755","505,851","2,382","508,233","503,280","498,576","4,704","4,953","179,303",3,"151,786",3,"76,547",1,"83,487",1,0,0,0,0,0,0,0,0,0,0,0,0,0,0,"4,969",0,0,0,"1,039",0,0,0,0,0,726,0,0,0,0,0,0,0,719,0,0,0,0,0,0,0,0,0,0,0,0,0,0,0,0,0,0,0,0,0,0,0,0,0,0,0,0,0,0,0,0,0,0,0,0,0,0,0,0,0,0,0,0,0,0,0,0,0,0,0,0,0,0,0,0,0,0,0,0,0,0,0,0,0,0,0,0,0,0,0,0,0,0,0,0,0
Canarias,35,Las Palmas,"1,129,395","1,564","843,241","55,641","898,882","532,285","2,627","534,912","529,337","526,275","3,062","5,575","136,857",3,"175,671",3,"77,343",1,"54,369",1,0,0,0,0,0,0,0,0,0,0,"33,558",0,0,0,"3,570",0,0,0,635,0,"42,430",0,0,0,396,0,563,0,0,0,0,0,0,0,0,0,0,0,0,0,0,0,0,0,0,0,0,0,0,0,0,0,0,0,0,0,0,0,0,0,0,0,0,0,0,0,0,0,0,0,883,0,0,0,0,0,0,0,0,0,0,0,0,0,0,0,0,0,0,0,0,0,0,0,0,0,0,0,0,0,0,0,0,0,0,0,0,0,0,0
Canarias,38,Santa Cruz de Tenerife,"1,048,306","1,379","774,004","107,213","881,217","496,119","4,658","500,777","494,373","489,285","5,088","6,404","174,770",3,"165,590",3,0,0,"53,632",0,0,0,0,0,0,0,0,0,0,0,"82,805",1,0,0,"6,147",0,0,0,"1,619",0,"3,165",0,0,0,766,0,0,0,0,0,0,0,0,0,0,0,0,0,0,0,0,0,0,0,0,0,0,0,0,0,0,0,0,0,0,0,0,0,0,0,0,0,0,0,0,0,0,0,0,0,791,0,0,0,0,0,0,0,0,0,0,0,0,0,0,0,0,0,0,0,0,0,0,0,0,0,0,0,0,0,0,0,0,0,0,0,0,0,0,0
Cantabria,39,Cantabria,"585,402",777,"466,589","41,229","507,818","351,682","3,463","355,145","350,150","346,888","3,262","4,995","147,326",2,"116,596",2,"49,243",1,"29,713",0,0,0,0,0,0,0,0,0,0,0,0,0,0,0,"2,089",0,0,0,790,0,0,0,0,0,533,0,0,0,0,0,0,0,598,0,0,0,0,0,0,0,0,0,0,0,0,0,0,0,0,0,0,0,0,0,0,0,0,0,0,0,0,0,0,0,0,0,0,0,0,0,0,0,0,0,0,0,0,0,0,0,0,0,0,0,0,0,0,0,0,0,0,0,0,0,0,0,0,0,0,0,0,0,0,0,0,0,0,0,0,0
Castilla - La Mancha,2,Albacete,"385,727",521,"299,924","8,064","307,988","223,057",860,"223,917","221,191","219,357","1,834","2,726","88,299",2,"76,322",2,"36,750",0,"15,834",0,0,0,0,0,0,0,0,0,0,0,0,0,0,0,"1,261",0,0,0,381,0,0,0,0,0,185,0,325,0,0,0,0,0,0,0,0,0,0,0,0,0,0,0,0,0,0,0,0,0,0,0,0,0,0,0,0,0,0,0,0,0,0,0,0,0,0,0,0,0,0,0,0,0,0,0,0,0,0,0,0,0,0,0,0,0,0,0,0,0,0,0,0,0,0,0,0,0,0,0,0,0,0,0,0,0,0,0,0,0,0,0
Castilla - La Mancha,13,Ciudad Real,"490,806",707,"384,479","7,016","391,495","285,943",952,"286,895","282,979","280,626","2,353","3,916","114,709",2,"100,102",2,"46,046",1,"17,405",0,0,0,0,0,0,0,0,0,0,0,0,0,0,0,"1,319",0,0,0,447,0,0,0,0,0,233,0,365,0,0,0,0,0,0,0,0,0,0,0,0,0,0,0,0,0,0,0,0,0,0,0,0,0,0,0,0,0,0,0,0,0,0,0,0,0,0,0,0,0,0,0,0,0,0,0,0,0,0,0,0,0,0,0,0,0,0,0,0,0,0,0,0,0,0,0,0,0,0,0,0,0,0,0,0,0,0,0,0,0,0,0
Castilla - La Mancha,16,Cuenca,"195,215",383,"149,438","3,256","152,694","114,910",370,"115,280","113,808","112,839",969,"1,472","45,255",2,"42,528",1,"17,700",0,"6,325",0,0,0,0,0,0,0,0,0,0,0,0,0,0,0,387,0,0,0,207,0,0,0,0,0,58,0,111,0,0,0,0,0,100,0,0,0,0,0,0,0,168,0,0,0,0,0,0,0,0,0,0,0,0,0,0,0,0,0,0,0,0,0,0,0,0,0,0,0,0,0,0,0,0,0,0,0,0,0,0,0,0,0,0,0,0,0,0,0,0,0,0,0,0,0,0,0,0,0,0,0,0,0,0,0,0,0,0,0,0,0
Castilla - La Mancha,19,Guadalajara,"268,127",587,"191,796","5,187","196,983","141,987",757,"142,744","140,913","139,770","1,143","1,831","51,195",1,"46,479",1,"27,126",1,"12,907",0,0,0,0,0,0,0,0,0,0,0,0,0,0,0,"1,039",0,0,0,304,0,0,0,0,0,162,0,249,0,0,0,0,0,191,0,0,0,0,0,0,0,0,0,0,0,0,0,0,0,0,0,118,0,0,0,0,0,0,0,0,0,0,0,0,0,0,0,0,0,0,0,0,0,0,0,0,0,0,0,0,0,0,0,0,0,0,0,0,0,0,0,0,0,0,0,0,0,0,0,0,0,0,0,0,0,0,0,0,0,0,0
Castilla - La Mancha,45,Toledo,"713,453",903,"529,311","13,256","542,567","391,277","1,711","392,988","387,200","384,589","2,611","5,788","146,533",3,"126,072",2,"76,044",1,"31,876",0,0,0,0,0,0,0,0,0,0,0,0,0,0,0,"2,024",0,0,0,985,0,0,0,0,0,275,0,499,0,0,0,0,0,0,0,0,0,0,0,0,0,0,0,0,0,0,0,0,0,0,0,281,0,0,0,0,0,0,0,0,0,0,0,0,0,0,0,0,0,0,0,0,0,0,0,0,0,0,0,0,0,0,0,0,0,0,0,0,0,0,0,0,0,0,0,0,0,0,0,0,0,0,0,0,0,0,0,0,0,0,0
Castilla y León,5,Ávila,"158,140",358,"128,300","8,369","136,669","98,237",883,"99,120","97,956","97,324",632,"1,164","42,369",2,"26,828",1,"15,068",0,"5,027",0,0,0,0,0,0,0,0,0,0,0,0,0,0,0,275,0,0,0,100,0,0,0,0,0,42,0,91,0,0,0,0,0,85,0,0,0,0,0,0,0,0,0,0,0,"7,362",0,0,0,0,0,77,0,0,0,0,0,0,0,0,0,0,0,0,0,0,0,0,0,0,0,0,0,0,0,0,0,0,0,0,0,0,0,0,0,0,0,0,0,0,0,0,0,0,0,0,0,0,0,0,0,0,0,0,0,0,0,0,0,0,0
Castilla y León,9,Burgos,"355,045",746,"277,537","18,864","296,401","202,740","2,146","204,886","202,569","200,718","1,851","2,317","82,329",2,"69,775",2,"25,858",0,"17,508",0,0,0,0,0,0,0,0,0,0,0,0,0,0,0,943,0,0,0,490,0,0,0,0,0,154,0,354,0,0,0,0,0,349,0,0,0,0,0,0,0,0,0,0,0,0,0,0,0,0,0,0,0,0,0,0,0,0,0,0,0,0,0,0,0,0,0,"1,774",0,0,0,0,0,0,0,0,0,0,0,0,0,"1,184",0,0,0,0,0,0,0,0,0,0,0,0,0,0,0,0,0,0,0,0,0,0,0,0,0,0,0,0,0
Castilla y León,24,León,"448,179",722,"374,272","48,645","422,917","273,742","3,984","277,726","275,240","273,663","1,577","2,486","101,605",2,"92,578",2,"35,451",0,"18,577",0,0,0,0,0,0,0,0,0,0,0,0,0,0,0,895,0,0,0,541,0,0,0,0,0,72,0,155,0,"22,675",0,0,0,319,0,0,0,0,0,0,0,0,0,0,0,0,0,0,0,0,0,0,0,0,0,486,0,0,0,0,0,0,0,0,0,0,0,0,0,0,0,0,0,0,0,0,0,0,0,0,0,0,0,309,0,0,0,0,0,0,0,0,0,0,0,0,0,0,0,0,0,0,0,0,0,0,0,0,0,0,0
Castilla y León,34,Palencia,"158,008",335,"130,129","7,513","137,642","97,309",770,"98,079","96,962","96,129",833,"1,117","40,709",2,"33,613",1,"12,504",0,"5,877",0,0,0,0,0,0,0,0,0,0,0,0,0,0,0,295,0,0,0,139,0,0,0,0,0,42,0,99,0,0,0,0,0,80,0,0,0,0,0,0,0,0,0,0,0,0,0,0,0,33,0,71,0,0,0,384,0,0,0,0,0,0,0,"1,917",0,0,0,0,0,0,0,0,0,0,0,0,0,0,0,0,0,0,0,0,0,0,0,0,0,0,0,0,0,0,0,366,0,0,0,0,0,0,0,0,0,0,0,0,0,0,0
Castilla y León,37,Salamanca,"325,898",648,"268,868","31,638","300,506","198,897","2,522","201,419","199,110","197,461","1,649","2,309","93,318",3,"60,718",1,"29,203",0,"11,012",0,0,0,0,0,0,0,0,0,0,0,0,0,0,0,631,0,0,0,278,0,0,0,0,0,80,0,205,0,0,0,0,0,325,0,0,0,0,0,0,0,0,0,0,0,0,0,0,0,140,0,0,0,0,0,"1,062",0,0,0,0,0,0,0,0,0,0,0,0,0,0,0,0,0,0,0,0,0,0,0,0,0,0,0,489,0,0,0,0,0,0,0,0,0,0,0,0,0,0,0,0,0,0,0,0,0,0,0,0,0,0,0
Castilla y León,40,Segovia,"153,803",330,"115,809","3,645","119,454","89,381",564,"89,945","88,613","87,738",875,"1,332","39,894",2,"27,113",1,"12,510",0,"7,137",0,0,0,0,0,0,0,0,0,0,0,0,0,0,0,307,0,0,0,183,0,0,0,0,0,64,0,136,0,0,0,0,0,94,0,0,0,0,0,0,0,0,0,0,0,0,0,0,0,102,0,0,0,0,0,0,0,0,0,0,0,0,0,0,0,0,0,0,0,0,0,0,0,0,0,0,0,0,0,0,0,0,0,0,0,0,0,0,0,0,0,198,0,0,0,0,0,0,0,0,0,0,0,0,0,0,0,0,0,0,0
Castilla y León,42,Soria,"88,377",256,"68,463","7,305","75,768","50,479",678,"51,157","50,769","50,484",285,388,"18,895",1,"14,966",1,"4,978",0,"1,711",0,0,0,0,0,0,0,0,0,0,0,0,0,0,0,94,0,0,0,68,0,0,0,0,0,9,0,23,0,0,0,0,0,43,0,0,0,"9,697",0,0,0,0,0,0,0,0,0,0,0,0,0,0,0,0,0,0,0,0,0,0,0,0,0,0,0,0,0,0,0,0,0,0,0,0,0,0,0,0,0,0,0,0,0,0,0,0,0,0,0,0,0,0,0,0,0,0,0,0,0,0,0,0,0,0,0,0,0,0,0,0,0
Castilla y León,47,Valladolid,"517,975",763,"416,646","14,735","431,381","317,147","2,165","319,312","316,309","313,890","2,419","3,003","129,170",2,"103,596",2,"47,948",1,"28,049",0,0,0,0,0,0,0,0,0,0,0,0,0,0,0,"1,105",0,0,0,601,0,0,0,0,0,159,0,376,0,0,0,0,0,335,0,0,0,0,0,0,0,583,0,0,0,0,0,0,0,0,0,164,0,0,0,"1,226",0,0,0,0,0,0,0,0,0,0,0,0,0,0,0,0,0,0,0,0,0,0,0,0,0,0,0,0,0,0,0,0,0,0,0,0,0,463,0,0,0,0,0,0,0,0,0,0,0,0,0,0,0,115,0
Castilla y León,49,Zamora,"167,215",369,"142,159","20,839","162,998","102,925","1,746","104,671","103,410","102,488",922,"1,261","46,196",2,"33,601",1,"13,652",0,"5,839",0,0,0,0,0,0,0,0,0,0,0,0,0,0,0,313,0,0,0,121,0,0,0,0,0,50,0,81,0,526,0,0,0,100,0,0,0,0,0,0,0,0,0,0,0,0,0,0,0,0,0,0,0,0,0,0,0,0,0,0,0,0,0,0,0,"1,843",0,0,0,0,0,0,0,0,0,0,0,0,0,0,0,0,0,166,0,0,0,0,0,0,0,0,0,0,0,0,0,0,0,0,0,0,0,0,0,0,0,0,0,0,0
Cataluña,8,Barcelona,"5,727,615","6,472","4,025,818","217,682","4,243,500","2,667,286","21,434","2,688,720","2,667,478","2,646,419","21,059","21,242","367,519",5,"952,347",13,"201,775",2,"405,993",5,"328,697",4,"258,159",3,0,0,0,0,0,0,0,0,0,0,"28,201",0,"67,266",0,"6,048",0,0,0,"24,452",0,"3,104",0,0,0,0,0,0,0,"2,858",0,0,0,0,0,0,0,0,0,0,0,0,0,0,0,0,0,0,0,0,0,0,0,0,0,0,0,0,0,0,0,0,0,0,0,0,0,0,0,0,0,0,0,0,0,0,0,0,0,0,0,0,0,0,0,0,0,0,0,0,0,0,0,0,0,0,0,0,0,0,0,0,0,0,0,0,0
Cataluña,17,Girona,"793,478",863,"522,354","24,016","546,370","324,824","2,335","327,159","322,988","320,007","2,981","4,171","31,341",0,"93,448",2,"22,706",0,"35,344",1,"47,531",1,"63,251",2,0,0,0,0,0,0,0,0,0,0,"3,531",0,"18,229",0,570,0,0,0,"3,388",0,248,0,0,0,0,0,0,0,420,0,0,0,0,0,0,0,0,0,0,0,0,0,0,0,0,0,0,0,0,0,0,0,0,0,0,0,0,0,0,0,0,0,0,0,0,0,0,0,0,0,0,0,0,0,0,0,0,0,0,0,0,0,0,0,0,0,0,0,0,0,0,0,0,0,0,0,0,0,0,0,0,0,0,0,0,0
Cataluña,25,Lleida,"441,443",549,"298,948","18,277","317,225","185,171","1,758","186,929","184,539","182,480","2,059","2,390","23,699",0,"54,414",2,"12,560",0,"14,561",0,"34,331",1,"33,228",1,0,0,0,0,0,0,0,0,0,0,"1,352",0,"5,449",0,247,0,0,0,"1,865",0,120,0,0,0,0,0,0,0,192,0,0,0,0,0,0,0,462,0,0,0,0,0,0,0,0,0,0,0,0,0,0,0,0,0,0,0,0,0,0,0,0,0,0,0,0,0,0,0,0,0,0,0,0,0,0,0,0,0,0,0,0,0,0,0,0,0,0,0,0,0,0,0,0,0,0,0,0,0,0,0,0,0,0,0,0,0
Cataluña,43,Tarragona,"830,075","1,039","575,113","21,576","596,689","370,434","1,992","372,426","368,024","364,856","3,168","4,402","51,061",1,"121,126",2,"38,039",0,"41,719",1,"55,461",1,"40,791",1,0,0,0,0,0,0,0,0,0,0,"3,797",0,"8,700",0,661,0,0,0,"2,311",0,267,0,0,0,0,0,0,0,405,0,0,0,0,0,0,0,0,0,0,0,0,0,0,0,0,0,0,0,0,0,0,0,0,0,0,0,0,0,0,0,0,0,0,0,0,0,0,0,0,0,0,0,0,0,0,0,0,0,0,0,0,0,0,0,0,0,0,0,0,0,0,0,0,0,265,0,0,0,253,0,0,0,0,0,0,0
Extremadura,6,Badajoz,"666,971",902,"538,574","12,128","550,702","396,721","1,512","398,233","391,461","388,236","3,225","6,772","148,068",2,"153,473",2,"53,492",1,"26,778",0,0,0,0,0,0,0,0,0,0,0,0,0,0,0,"1,395",0,0,0,477,0,0,0,0,0,204,0,464,0,0,0,0,0,0,0,0,0,0,0,0,0,0,0,0,0,0,0,"3,885",0,0,0,0,0,0,0,0,0,0,0,0,0,0,0,0,0,0,0,0,0,0,0,0,0,0,0,0,0,0,0,0,0,0,0,0,0,0,0,0,0,0,0,0,0,0,0,0,0,0,0,0,0,0,0,0,0,0,0,0,0,0,0
Extremadura,10,Cáceres,"387,805",524,"322,765","16,726","339,491","238,211","1,536","239,747","235,851","234,130","1,721","3,896","89,633",2,"91,692",2,"32,076",0,"16,354",0,0,0,0,0,0,0,0,0,0,0,0,0,0,0,814,0,0,0,316,0,0,0,0,0,111,0,249,0,0,0,0,0,0,0,0,0,0,0,0,0,0,0,0,0,0,0,"1,922",0,0,0,0,0,0,0,0,0,0,0,0,0,0,0,0,0,0,0,0,0,0,0,0,0,0,0,0,0,0,0,0,0,0,0,0,0,963,0,0,0,0,0,0,0,0,0,0,0,0,0,0,0,0,0,0,0,0,0,0,0,0,0
Galicia,15,A Coruña,"1,119,180","1,544","922,306","163,367","1,085,673","672,785","10,402","683,187","677,702","672,505","5,197","5,485","292,272",4,"190,897",2,"34,410",0,"82,618",1,0,0,0,0,0,0,0,0,"67,653",1,0,0,0,0,"3,096",0,0,0,"1,011",0,0,0,0,0,548,0,0,0,0,0,0,0,0,0,0,0,0,0,0,0,0,0,0,0,0,0,0,0,0,0,0,0,0,0,0,0,0,0,0,0,0,0,0,0,0,0,0,0,0,0,0,0,0,0,0,0,0,0,0,0,0,0,0,0,0,0,0,0,0,0,0,0,0,0,0,0,0,0,0,0,0,0,0,0,0,0,0,0,0,0
Galicia,27,Lugo,"323,989",533,"268,657","69,098","337,755","196,972","3,737","200,709","198,566","197,315","1,251","2,143","99,769",3,"60,163",1,"8,643",0,"10,287",0,0,0,0,0,0,0,0,0,"17,197",0,0,0,0,0,645,0,0,0,233,0,0,0,0,0,113,0,149,0,0,0,0,0,116,0,0,0,0,0,0,0,0,0,0,0,0,0,0,0,0,0,0,0,0,0,0,0,0,0,0,0,0,0,0,0,0,0,0,0,0,0,0,0,0,0,0,0,0,0,0,0,0,0,0,0,0,0,0,0,0,0,0,0,0,0,0,0,0,0,0,0,0,0,0,0,0,0,0,0,0,0
Galicia,32,Ourense,"304,280",539,"252,827","102,938","355,765","182,216","5,849","188,065","186,271","185,162","1,109","1,794","93,182",3,"56,035",1,"9,080",0,"10,171",0,0,0,0,0,0,0,0,0,"15,317",0,0,0,0,0,700,0,0,0,182,0,0,0,0,0,97,0,144,0,0,0,0,0,101,0,0,0,0,0,0,0,0,0,0,0,0,0,0,0,0,0,0,0,0,0,0,0,0,0,0,0,0,0,0,0,0,0,0,0,0,0,0,0,0,0,0,0,0,0,0,0,0,0,0,0,0,0,0,0,0,0,0,0,0,0,0,0,0,0,0,0,0,0,0,0,0,0,153,0,0,0
Galicia,36,Pontevedra,"943,015","1,344","772,695","136,739","909,434","569,295","9,830","579,125","573,124","569,259","3,865","6,001","227,658",3,"179,737",3,"27,539",0,"75,615",1,0,0,0,0,0,0,0,0,"53,828",0,0,0,0,0,"3,003",0,0,0,884,0,0,0,0,0,510,0,0,0,0,0,0,0,485,0,0,0,0,0,0,0,0,0,0,0,0,0,0,0,0,0,0,0,0,0,0,0,0,0,0,0,0,0,0,0,0,0,0,0,0,0,0,0,0,0,0,0,0,0,0,0,0,0,0,0,0,0,0,0,0,0,0,0,0,0,0,0,0,0,0,0,0,0,0,0,0,0,0,0,0,0
Comunidad de Madrid,28,Madrid,"6,750,336","7,118","4,848,057","376,504","5,224,561","3,594,693","44,807","3,639,500","3,608,673","3,579,713","28,960","30,827","1,463,183",16,"1,004,599",10,"506,164",5,"557,780",6,0,0,0,0,0,0,0,0,0,0,0,0,0,0,"21,742",0,0,0,"7,652",0,0,0,0,0,"3,784",0,"6,749",0,0,0,0,0,"3,407",0,0,0,0,0,0,0,0,0,0,0,0,0,0,0,0,0,"1,751",0,0,0,0,0,"2,902",0,0,0,0,0,0,0,0,0,0,0,0,0,0,0,0,0,0,0,0,0,0,0,0,0,0,0,0,0,0,0,0,0,0,0,0,0,0,0,0,0,0,0,0,0,0,0,0,0,0,0,0,0
Comunidad Foral de Navarra,31,Navarra,"664,117",997,"489,978","29,940","519,918","342,284","2,811","345,095","341,844","338,954","2,890","3,251","57,134",1,"93,553",2,"19,491",0,"43,922",0,0,0,0,0,"58,954",1,0,0,0,0,0,0,"52,188",1,"1,530",0,0,0,679,0,0,0,0,0,252,0,"1,002",0,0,0,0,0,311,0,"9,938",0,0,0,0,0,0,0,0,0,0,0,0,0,0,0,0,0,0,0,0,0,0,0,0,0,0,0,0,0,0,0,0,0,0,0,0,0,0,0,0,0,0,0,0,0,0,0,0,0,0,0,0,0,0,0,0,0,0,0,0,0,0,0,0,0,0,0,0,0,0,0,0,0,0,0
País Vasco,1,Araba/Álava,"334,412",427,"252,058","8,156","260,214","169,441","1,097","170,538","169,107","168,385",722,"1,431","30,212",1,"46,775",1,"6,573",0,"21,561",0,0,0,0,0,"32,987",1,"28,075",1,0,0,0,0,0,0,773,0,0,0,354,0,0,0,0,0,185,0,106,0,0,0,0,0,165,0,0,0,0,0,0,0,619,0,0,0,0,0,0,0,0,0,0,0,0,0,0,0,0,0,0,0,0,0,0,0,0,0,0,0,0,0,0,0,0,0,0,0,0,0,0,0,0,0,0,0,0,0,0,0,0,0,0,0,0,0,0,0,0,0,0,0,0,0,0,0,0,0,0,0,0,0
País Vasco,20,Gipuzkoa,"724,418",858,"556,075","29,798","585,873","374,628","4,337","378,965","376,621","374,616","2,005","2,344","32,721",0,"87,709",2,"7,877",0,"40,081",0,0,0,0,0,"117,321",2,"85,026",2,0,0,0,0,0,0,"1,568",0,0,0,530,0,0,0,0,0,442,0,149,0,0,0,0,0,259,0,0,0,0,0,0,0,933,0,0,0,0,0,0,0,0,0,0,0,0,0,0,0,0,0,0,0,0,0,0,0,0,0,0,0,0,0,0,0,0,0,0,0,0,0,0,0,0,0,0,0,0,0,0,0,0,0,0,0,0,0,0,0,0,0,0,0,0,0,0,0,0,0,0,0,0,0
País Vasco,48,Bizkaia,"1,149,344","1,410","900,563","42,420","942,983","611,348","3,596","614,944","609,693","606,302","3,391","5,251","70,533",1,"157,448",2,"16,069",0,"66,592",1,0,0,0,0,"125,867",2,"164,188",2,0,0,0,0,0,0,"2,729",0,0,0,929,0,0,0,0,0,525,0,804,0,0,0,0,0,618,0,0,0,0,0,0,0,0,0,0,0,0,0,0,0,0,0,0,0,0,0,0,0,0,0,0,0,0,0,0,0,0,0,0,0,0,0,0,0,0,0,0,0,0,0,0,0,0,0,0,0,0,0,0,0,0,0,0,0,0,0,0,0,0,0,0,0,0,0,0,0,0,0,0,0,0,0
Región de Murcia,30,Murcia,"1,531,878","1,726","1,061,943","37,760","1,099,703","751,711","3,544","755,255","747,797","742,763","5,034","7,458","307,972",4,"189,210",3,"163,124",2,"71,578",1,0,0,0,0,0,0,0,0,0,0,0,0,0,0,"5,063",0,0,0,"1,201",0,0,0,0,0,546,0,0,0,0,0,0,0,0,0,0,0,0,0,0,0,"1,377",0,0,0,0,0,0,0,453,0,376,0,0,0,0,0,0,0,0,0,0,0,0,0,0,0,0,0,"1,698",0,0,0,0,0,0,0,0,0,0,0,0,0,0,0,0,0,0,0,0,0,0,0,0,0,0,0,0,0,0,0,0,0,0,0,165,0,0,0,0,0
La Rioja,26,La Rioja,"319,892",516,"234,383","17,708","252,091","175,458","1,487","176,945","174,663","173,055","1,608","2,282","79,715",2,"62,322",2,"17,056",0,"11,470",0,0,0,0,0,0,0,0,0,0,0,0,0,0,0,723,0,0,0,295,0,0,0,0,0,124,0,232,0,0,0,0,0,224,0,0,0,0,0,0,0,608,0,0,0,0,0,0,0,0,0,0,0,0,0,0,0,0,0,0,0,0,0,0,0,0,0,0,0,0,0,0,0,0,0,0,0,0,0,0,0,0,0,0,0,0,0,0,0,0,0,286,0,0,0,0,0,0,0,0,0,0,0,0,0,0,0,0,0,0,0
Comunitat Valenciana,3,Alacant/Alicante,"1,901,594","2,227","1,261,010","45,301","1,306,311","904,381","4,461","908,842","899,192","892,617","6,575","9,650","330,293",5,"287,737",4,"146,133",2,"115,787",1,0,0,0,0,0,0,0,0,0,0,0,0,0,0,"7,335",0,0,0,"1,724",0,0,0,0,0,"1,135",0,0,0,0,0,0,0,0,0,0,0,0,0,0,0,0,0,0,0,0,0,0,0,"1,027",0,0,0,0,0,0,0,0,0,0,0,0,0,0,0,0,0,0,0,0,0,0,0,"1,446",0,0,0,0,0,0,0,0,0,0,0,0,0,0,0,0,0,0,0,0,0,0,0,0,0,0,0,0,0,0,0,0,0,0,0,0,0
Comunitat Valenciana,12,Castelló/Castellón,"590,616",740,"419,903","10,927","430,830","310,134","1,447","311,581","307,930","305,275","2,655","3,651","108,302",2,"100,530",2,"48,913",1,"44,187",0,0,0,0,0,0,0,0,0,0,0,0,0,0,0,"1,968",0,0,0,721,0,0,0,0,0,493,0,0,0,0,0,0,0,0,0,0,0,0,0,0,0,0,0,0,0,0,0,0,0,0,0,161,0,0,0,0,0,0,0,0,0,0,0,0,0,0,0,0,0,0,0,0,0,0,0,0,0,0,0,0,0,0,0,0,0,0,0,0,0,0,0,0,0,0,0,0,0,0,0,0,0,0,0,0,0,0,0,0,0,0,0
Comunitat Valenciana,46,València/Valencia,"2,605,757","3,200","1,928,949","70,391","1,999,340","1,443,668","7,519","1,451,187","1,437,161","1,426,351","10,810","14,026","483,469",6,"461,353",5,"218,657",2,"242,839",3,0,0,0,0,0,0,0,0,0,0,0,0,0,0,"10,334",0,0,0,"2,919",0,0,0,0,0,"1,773",0,"1,778",0,0,0,0,0,0,0,0,0,0,0,0,0,0,0,0,0,0,0,0,0,"1,056",0,731,0,0,0,0,0,0,0,0,0,0,0,0,0,0,0,0,0,0,0,0,0,0,0,"1,442",0,0,0,0,0,0,0,0,0,0,0,0,0,0,0,0,0,0,0,0,0,0,0,0,0,0,0,0,0,0,0,0,0,0,0
Ciudad de Ceuta,51,Ceuta,"83,117",96,"60,335","2,975","63,310","33,585",89,"33,674","33,321","32,993",328,353,"12,918",1,"11,332",0,"7,752",0,821,0,0,0,0,0,0,0,0,0,0,0,0,0,0,0,0,0,0,0,53,0,0,0,0,0,33,0,31,0,0,0,0,0,0,0,0,0,0,0,0,0,0,0,0,0,0,0,0,0,0,0,0,0,0,0,0,0,0,0,0,0,0,0,0,0,0,0,0,0,0,0,0,0,0,0,0,0,0,0,0,0,0,0,0,0,0,0,0,0,0,0,0,0,0,0,0,0,0,0,0,0,53,0,0,0,0,0,0,0,0,0
Ciudad de Melilla,52,Melilla,"85,170",87,"55,150","5,968","61,118","27,472",177,"27,649","27,349","27,096",253,300,"13,446",1,"6,943",0,"4,359",0,827,0,0,0,0,0,0,0,0,0,0,0,0,0,0,0,160,0,0,0,0,0,0,0,0,0,23,0,40,0,0,0,0,0,0,0,0,0,0,0,0,0,0,0,0,0,0,0,0,0,0,0,0,0,0,0,0,0,0,0,0,0,0,0,0,0,0,0,0,0,0,0,0,0,0,0,0,0,"1,298",0,0,0,0,0,0,0,0,0,0,0,0,0,0,0,0,0,0,0,0,0,0,0,0,0,0,0,0,0,0,0,0,0
,,,,,,,,,,,,,,,,,,,,,,,,,,,,,,,,,,,,,,,,,,,,,,,,,,,,,,,,,,,,,,,,,,,,,,,,,,,,,,,,,,,,,,,,,,,,,,,,,,,,,,,,,,,,,,,,,,,,,,,,,,,,,,,,,,,,
,,España,"47,475,420","60,314","35,141,198","2,328,260","37,469,458","24,744,016","208,431","24,952,447","24,688,087","24,487,414","200,673","264,360","8,160,837",137,"7,821,718",121,"3,057,000",33,"3,044,996",31,"466,020",7,"395,429",7,"335,129",6,"277,289",5,"153,995",1,"116,363",1,"52,188",1,"169,237",0,"99,644",0,"46,274",0,"45,595",0,"32,016",0,"23,421",0,"23,290",0,"23,201",0,"20,440",0,"18,218",0,"9,938",0,"9,697",0,"9,191",0,"8,448",0,"8,293",0,"7,362",0,"5,807",0,"5,620",0,"4,683",0,"4,173",0,"3,158",0,"2,902",0,"2,314",0,"1,931",0,"1,917",0,"1,843",0,"1,774",0,"1,698",0,"1,674",0,"1,446",0,"1,442",0,"1,298",0,"1,218",0,"1,184",0,964,0,963,0,874,0,506,0,484,0,463,0,366,0,269,0,265,0,263,0,253,0,165,0,153,0,115,0