Country,Index Year,Overall Score,Property Rights,Government Integrity,Judicial Effectiveness,Tax Burden,Government Spending,Fiscal Health,Business Freedom,Labor Freedom,Monetary Freedom,Trade Freedom,Investment Freedom,Financial Freedom
Afghanistan,2025,N/A,7.4,14.1,2.7,N/A,N/A,N/A,N/A,N/A,N/A,N/A,N/A,N/A
Afghanistan,2024,N/A,4.9,18.1,4.9,N/A,N/A,N/A,N/A,N/A,N/A,N/A,N/A,N/A
Afghanistan,2023,N/A,5.8,5.4,12.7,N/A,N/A,N/A,34.6,45.1,N/A,N/A,N/A,N/A
Afghanistan,2022,N/A,N/A,N/A,N/A,N/A,N/A,N/A,N/A,N/A,N/A,N/A,N/A,N/A
Afghanistan,2021,53,30.3,29.1,25.7,91.1,76.1,99.9,53.9,59.9,80.8,68.6,10,10
Albania,2025,66.6,58.3,39.6,59.2,88.8,71.9,76.4,74.2,51.3,75.8,83.4,60,60
Albania,2024,64.8,56.8,36.6,50,88.8,69.8,51.7,74.1,51.5,75.7,82.6,70,70
Albania,2023,65.3,55.9,49.2,35.5,89.1,71,58.2,70.7,49.7,81.3,82.8,70,70
Albania,2022,66.6,55.5,35.6,49.8,89.1,72.1,70.6,70.7,51.1,82,82.6,70,70
Albania,2021,65.2,46.1,40.6,22.8,89,74.6,86.6,66.1,51.6,82,82.8,70,70
Algeria,2025,47.5,27.6,29.5,29.8,80.3,64.4,58.1,59.1,52.4,70.9,57.4,20,20
Algeria,2024,43.9,27.5,27.7,28.9,79.4,54.7,13.8,54.4,51.4,71.9,57.4,30,30
Algeria,2023,43.2,27.8,29.5,28.4,71.9,50.7,12.1,53.6,51.4,75.1,57.5,30,30
Algeria,2022,45.8,27.9,30.1,29.7,67.2,57.1,38.6,50,51.5,80.1,57.4,30,30
Algeria,2021,49.7,34,32.7,41.6,67.2,55.4,49.1,63.5,51.3,84.3,57.4,30,30
Angola,2025,55,39.9,28.2,25.7,86.9,89.5,89.1,45.2,50.8,64.2,70.4,30,40
Angola,2024,54.3,40.4,27.8,25.7,86.5,85.8,91.1,44.6,50.8,60,68.6,30,40
Angola,2023,53,41.1,24.8,22.9,86.5,86.9,85.1,41.6,53.9,58.9,64.8,30,40
Angola,2022,52.6,39.8,20.6,25.3,86.6,86.4,80,37.6,53.9,61.2,70,30,40
Angola,2021,54.2,30.3,20.4,22.8,87.3,86.9,77.9,56.9,59.6,67.5,70.2,30,40
Argentina,2025,54.2,34.7,39.7,56.5,70.8,57.1,67.9,55.3,55.2,23.3,64.4,65,60
Argentina,2024,49.9,34.5,39.8,55.8,67,54.3,35.7,55.5,53.5,29.4,58.6,55,60
Argentina,2023,51,34.6,56.8,42.8,66.9,53.9,33.6,55.5,55.1,36.5,61.2,55,60
Argentina,2022,50.1,35.1,45.1,57.9,73.3,53,16.8,55.1,51,37.9,60.6,55,60
Argentina,2021,52.7,46.1,54,45.7,70.4,52.8,38.4,59.5,46.3,41.9,62.6,55,60
Armenia,2025,65.4,49.9,50.4,31.3,88.1,77.6,81.3,73,59.2,72.2,72,70,60
Armenia,2024,64.9,50.3,50,31.6,87.6,75.5,69.1,69.2,58.9,67.5,73.6,75,70
Armenia,2023,65.1,50.3,31.5,51.6,87.5,76.3,71.4,64.9,58.7,70.5,73.6,75,70
Armenia,2022,65.3,50.4,50.8,33.1,86.9,78.9,75.5,64.9,47.2,77.5,73.6,75,70
Armenia,2021,71.9,57.3,45,55.3,87.1,81.3,84.3,81.9,74.5,76.9,73.8,75,70
Australia,2025,79.3,90.4,86.2,95.3,62.1,54.8,79.5,92.5,65.3,75,90,80,80
Australia,2024,76.2,91,85.2,94.4,62.6,48.2,39.9,92.1,65.4,75.6,89.8,80,90
Australia,2023,74.8,90.7,94.9,83.2,63.1,47,24.8,88.3,64.7,80.5,89.8,80,90
Australia,2022,77.7,91.7,87,95.2,62.5,51.6,52,84.6,64.2,83.2,90,80,90
Australia,2021,82.4,81.5,89.8,90,62.6,58.1,88.7,87.4,84.1,86.7,89.8,80,90
Austria,2025,69.7,97,75.4,94.8,46.3,13.5,63.7,81.7,81.8,72.7,79.6,60,70
Austria,2024,68.4,96.9,74.8,94.8,45.1,8.6,36.5,81.9,78.9,73.8,79.2,80,70
Austria,2023,71.1,97,95.2,80.9,45.7,13,54.5,78.5,78.8,80.4,78.6,80,70
Austria,2022,73.8,98.4,82.9,94.6,45.5,20.3,71.7,82.3,78.4,82.3,79.2,80,70
Austria,2021,73.9,86.8,84.8,83.5,45.7,29.1,90,72.6,68.4,81.7,84,90,70
Azerbaijan,2025,62.5,52.9,22,16.7,87.9,72.3,99,71.2,57.6,70.1,69.8,70,60
Azerbaijan,2024,61.6,53,24,18.5,87.9,67.6,99.4,69.6,56.1,63.9,69,70,60
Azerbaijan,2023,61.4,51.7,15.9,26.9,87.3,63,98.6,68.3,55.8,70.3,68.6,70,60
Azerbaijan,2022,61.6,53.6,28.6,15.9,87.7,62.7,99.1,64.6,55.9,74.5,66.6,70,60
Azerbaijan,2021,70.1,67.9,46.8,55.8,88.1,65.2,99.4,80.5,65.9,73.2,68,70,60
Bahrain,2025,65.6,65.4,39.8,30.2,99.9,74.3,0,76.5,55.3,88.7,86.6,90,80
Bahrain,2024,63.4,65.1,38,30.2,99.9,68.7,0,72,56.7,79.5,85.2,85,80
Bahrain,2023,62.5,65.4,28.1,40.4,99.9,66.3,0,64,53.6,83.5,84.2,85,80
Bahrain,2022,62,65.9,41.6,27.4,99.9,65.5,0,60.2,54.9,81.1,83,85,80
Bahrain,2021,69.9,71.5,64.4,65.8,100,67.1,0,76.7,71.4,82.8,83.6,75,80
Bangladesh,2025,54.7,36.5,23.3,27.9,82.6,95,70.2,53.9,47.4,67.1,62.2,50,40
Bangladesh,2024,54.4,36,23,28.8,82.4,94.9,69.1,50.2,47.3,69.5,62,50,40
Bangladesh,2023,54.4,36.8,28,22.5,82.1,94.7,63.4,56.7,46.8,70.1,62,50,40
Bangladesh,2022,52.7,36.3,22.2,28.1,82.6,93.2,54,55.6,36.6,70,63.8,50,40
Bangladesh,2021,56.5,38,27.7,35.4,84,93.8,66.3,55.6,68.8,69.9,63.4,45,30
Barbados,2025,68.9,72.8,71.7,86.9,83.6,74.1,68.8,73.1,56.4,78.4,40.8,60,60
Barbados,2024,66.8,72.3,68.3,87.3,81.4,66.3,55.7,73.3,56.2,77.7,43.6,60,60
Barbados,2023,69.8,71.9,86.9,68.4,79.2,69.7,73.9,68.5,62.6,78.8,57.6,60,60
Barbados,2022,71.3,72.6,68.7,88.2,80.6,70.8,79.7,64.7,63.4,78.6,58.4,70,60
Barbados,2021,65,52.7,50.2,49.7,79.3,73.1,79.8,69.7,60.1,77.3,58.4,70,60
Belarus,2025,48.9,20.9,28.8,10.5,89.3,55.6,96.2,50.9,48,67.2,69.2,30,20
Belarus,2024,48.4,22.1,33,11.1,90.1,58.8,83.6,52.9,46.3,62.2,70.8,30,20
Belarus,2023,51,31.2,11.1,38.9,89.9,57.8,94.3,53.7,47.1,66.9,70.8,30,20
Belarus,2022,53,34.5,43.7,15.5,93.3,56.7,95.3,54.5,46.8,70.2,75.6,30,20
Belarus,2021,61,58.6,39.8,40.4,92.9,55.5,96.5,75.9,75.7,70.2,76,30,20
Belgium,2025,69,92.8,79.3,93,50.6,11.8,48,82.3,58.6,76.8,79.6,85,70
Belgium,2024,65.6,91.6,78.9,91.5,51.1,6.1,20,82.6,58.8,72.4,79.2,85,70
Belgium,2023,67.1,92,91.4,81.3,50.2,8.1,31.5,79,57.8,80.3,78.6,85,70
Belgium,2022,69.6,92.5,83.6,91.2,48.2,10.1,50.3,82.8,57.4,84.3,79.2,85,70
Belgium,2021,70.1,84,81.3,70.2,46.5,18.4,78.7,80.1,61.1,82,84,85,70
Belize,2025,64.2,35.1,44.4,72.6,83.2,82.2,86.5,68.3,65.1,71.2,56.6,55,50
Belize,2024,61.2,34.1,41.4,71.5,82,78.5,64.7,67.2,64.1,70.9,55.2,55,50
Belize,2023,59.8,34.1,71,41.7,80.7,76.6,60.4,59,60.7,75.6,52.2,55,50
Belize,2022,56.6,34.7,38.1,70.2,77,64.1,37.6,54,59.9,82.5,55.6,55,50
Belize,2021,57.5,41.8,36.3,45.7,78.7,64.7,68.5,60,54.2,80.2,55,55,50
Benin,2025,58.5,44.8,42.4,49.1,69.4,88.4,51.9,53.7,58.7,80.3,63,50,50
Benin,2024,57.7,44.6,41.3,48.5,69.6,88.5,48.9,48.9,59.1,81.9,61,50,50
Benin,2023,59.8,43.2,48.2,43.6,69.6,90.4,73.8,47,60,81.1,60.8,50,50
Benin,2022,61,44.3,40.3,55.3,68.4,91.6,83.4,47.7,59.6,80.4,61.4,50,50
Benin,2021,59.6,42.5,32.2,37,68.4,92,86.3,54.6,58.5,83.7,60.4,50,50
Bhutan,2025,57.5,69.7,71.1,62.9,83.4,68.2,25.8,67.2,57.7,70.5,63,20,30
Bhutan,2024,55.4,67.3,71,64.2,83.6,61.8,36.5,67,56.7,69.2,37.6,20,30
Bhutan,2023,59,66.9,61.6,72.3,84,72.2,78.7,63,56.6,65.6,37.6,20,30
Bhutan,2022,59.3,67.2,73.5,60.9,82.4,71.6,72.4,62.9,57.2,72.7,40.8,20,30
Bhutan,2021,58.3,62.6,55,45.7,82.2,71.6,70.2,67.3,79.6,74.3,40.8,20,30
Bolivia,2025,44.1,19.9,27.3,29.4,88.8,61.8,4.4,54.8,56.5,70.6,60.6,15,40
Bolivia,2024,43.5,21.3,28.2,28.1,86.9,61.2,7.2,54.5,46,72.4,60.6,15,40
Bolivia,2023,43.4,21.1,28.4,27.7,87.1,60.8,7,55.1,44.9,74,60,15,40
Bolivia,2022,43,14.1,28.7,28.4,86,58.8,10.9,54.7,46.2,72.8,60.8,15,40
Bolivia,2021,42.7,18.7,25.9,11,85.3,58.4,13.4,58.4,53.4,71,61.6,15,40
Bosnia and Herzegovina,2025,63.5,48.3,36.2,33.9,93.6,51.2,97.9,67.1,66.2,72.5,70,65,60
Bosnia and Herzegovina,2024,62,48.2,33.2,34.2,93.3,48.6,96.6,66.8,60.6,70.1,68,65,60
Bosnia and Herzegovina,2023,62.9,48.2,34.3,33.1,93.2,46.6,96.3,67,60.6,81.9,68,65,60
Bosnia and Herzegovina,2022,63.4,49.2,33.4,37.2,94,46.2,95.9,66.6,60.2,84.9,68.8,65,60
Bosnia and Herzegovina,2021,62.9,44.1,42.4,33.7,93.8,49.5,97.1,48.2,67.8,84.1,69.2,65,60
Botswana,2025,69.9,74.1,60.1,70.5,84.9,70.8,90.4,70.6,60.7,68.3,78.8,50,60
Botswana,2024,68,73.6,58.7,69.3,86.7,68.7,68.4,66,60.6,65.1,78.8,60,60
Botswana,2023,64.9,72.8,68.2,58.6,87.3,61.1,19.2,65.2,62.3,70.6,78.6,65,70
Botswana,2022,64.8,74.2,61.4,70.1,87.4,59.8,19.2,56.7,61.6,75.4,77.2,65,70
Botswana,2021,67.6,58.6,48.8,50.8,87.4,68.2,74.8,68.4,68.2,74.1,77.4,65,70
Brazil,2025,55.1,51.4,36.4,54.2,74.8,44.3,49.6,66.8,57.1,74.4,71.6,40,40
Brazil,2024,53.2,49.1,36.9,55,69.7,34.9,30.9,67,56.9,71.6,66.8,50,50
Brazil,2023,53.5,49.7,55.3,39.1,70.9,55,2.7,63.6,57,73.7,65,60,50
Brazil,2022,53.3,50.3,40,57.2,69.9,53.8,0.4,63.2,55.9,78.4,60,60,50
Brazil,2021,53.4,55,47.5,45.5,70.1,56.5,5.3,58,50.7,77.8,64.6,60,50
Brunei Darussalam,2025,67,69.7,34.2,52.8,95,75.9,51.7,77.1,75.1,72.8,84.8,65,50
Brunei Darussalam,2024,65.9,68.8,59.8,52.3,95.8,73.7,20,76.5,75.2,68.9,84.8,65,50
Brunei Darussalam,2023,65.7,69.1,51.9,61.9,96.3,70,20,72.4,75.2,71.8,84.4,65,50
Brunei Darussalam,2022,64.8,67,61.1,51.6,90.8,68.1,20,72.4,75,72.3,84.6,65,50
Brunei Darussalam,2021,66.6,61.1,47.5,62.3,92.3,67.6,20,83.6,90.9,74.7,84.6,65,50
Bulgaria,2025,68.8,75.7,48.5,56.6,94.2,56.7,91.1,74.9,68,70.8,79.6,60,50
Bulgaria,2024,68.5,75.9,44,57.4,92.9,56.2,91.4,75.3,68.7,70.5,79.2,60,50
Bulgaria,2023,69.3,75.3,57.1,43.9,93.7,56.5,90.5,71.8,63.8,80.2,78.6,60,60
Bulgaria,2022,71,77.3,45.6,61.1,93.9,60.5,96.2,72.1,64.4,81.9,79.2,60,60
Bulgaria,2021,70.4,66.2,46.8,43.6,93.9,64.7,99.2,62.9,68.5,85.2,84,70,60
Burkina Faso,2025,51,28.1,40.7,35.7,82,73.3,13.7,38.6,61.9,71.9,61.4,65,40
Burkina Faso,2024,51.9,38,42.4,36.4,82.2,76.3,13.2,42,61.8,64.5,60.6,65,40
Burkina Faso,2023,56.2,38.2,36.9,42.7,81.5,80.6,52,41.1,61.8,73.5,61.2,65,40
Burkina Faso,2022,58.3,47,41.4,36.3,81.8,82.3,66.1,41.9,61.6,75.6,61,65,40
Burkina Faso,2021,56.5,45.1,34.5,36.6,80.9,81.9,60.8,44.8,52.2,74.7,61,65,40
Burma,2025,43.7,17.3,18.7,4.2,88.6,84,39.9,39.9,53.2,59.7,68.6,30,20
Burma,2024,42.2,18,21.2,6.5,88.5,86.3,12.8,39.8,46.3,67.9,69.6,30,20
Burma,2023,46.5,21.5,9.5,29.3,88.5,86.4,38.8,42.1,45.6,76.4,69.4,30,20
Burma,2022,49.6,23.1,29.8,16.7,87.2,86.8,67.2,41.7,49.6,73.9,69.4,30,20
Burma,2021,55.2,37.2,32.7,19.7,87.2,87.1,81.9,60,64.3,72.5,70,30,20
Burundi,2025,39.7,28.6,14.2,7.4,76.1,71.1,12.2,31.9,50,54.4,50.8,50,30
Burundi,2024,38.4,28.2,12,7.1,76,67.6,10.7,27.7,41.9,60.3,49.6,50,30
Burundi,2023,41.9,19.8,7.6,12.5,76,75.6,38.6,30.6,41.8,67.8,52.8,50,30
Burundi,2022,39.4,18.8,12.2,7.1,77.1,76.4,10.3,27.5,41.5,70.3,51,50,30
Burundi,2021,49.9,28,27,32.1,77.1,79.3,32.2,51.8,67.3,74.7,49.8,50,30
Cabo Verde,2025,68.7,64.6,64.4,75.1,84.4,77.8,54.7,80.2,59.6,76.5,67,60,60
Cabo Verde,2024,62.9,63.7,49.1,75.4,84.6,72.8,3.8,72.1,52,74.8,66.4,80,60
Cabo Verde,2023,65.8,65,76.7,60.8,83.2,71.7,22,67.5,51.9,82.3,68,80,60
Cabo Verde,2022,66.7,66.1,60.9,77.4,77.5,68.1,48.3,59.8,52.4,84.4,66,80,60
Cabo Verde,2021,63.8,44.5,48.7,47.5,77.9,70.7,69.7,60.6,55.2,83.3,68,80,60
Cambodia,2025,58.2,41.7,17.6,22.7,89.8,88.8,86.6,61,47.2,74.1,69.2,50,50
Cambodia,2024,55.6,41,18.6,22,88.8,78.2,74.7,54.7,47.4,71.5,70.8,50,50
Cambodia,2023,56.5,40.8,22.3,14.5,87.9,78.7,90.1,54.4,47.9,74.3,66.8,50,50
Cambodia,2022,57.1,41.2,12.3,20.9,88.7,81.5,98,55.2,47.8,74.7,64.8,50,50
Cambodia,2021,57.3,39.9,17,23.2,89.1,84.3,98.3,30.9,62.6,75.1,66.6,50,50
Cameroon,2025,52.1,31.3,20.7,10.3,72.9,91.2,92.3,48.8,46.5,73.7,57.2,30,50
Cameroon,2024,53.6,38.8,40.7,10.4,72.5,91.4,86.4,46.8,46.2,75.9,53.6,30,50
Cameroon,2023,51.9,38.4,10.3,21.1,72.3,91.1,82.1,47.2,46.7,80.3,53.6,30,50
Cameroon,2022,52.9,39.1,19.9,10.9,74.7,90.1,78.7,60.4,46.4,79.9,55.2,30,50
Cameroon,2021,53.4,38.3,21,27.2,74.8,89,79.9,43.9,49.9,81.2,55.2,30,50
Canada,2025,75.5,89,85.4,95.6,74.8,44.6,78,84.6,69.4,71.5,83.2,60,70
Canada,2024,72.4,88.6,73.1,95,75.8,34.7,33.9,84.1,69.5,70.3,83.6,80,80
Canada,2023,73.7,88.5,95.1,83.1,75,35,32.2,87.9,69,74.8,83.4,80,80
Canada,2022,76.6,89.5,86.7,96.4,75.7,39.6,62.8,78.8,68.7,78.2,83.2,80,80
Canada,2021,77.9,84.5,87.9,73.3,76,49.8,84.2,81.4,72.4,76.1,88.8,80,80
Central African Republic,2025,42.8,6.9,19.6,4,65.5,89.8,53.8,27.1,48.3,72.8,50.4,45,30
Central African Republic,2024,41.3,7.2,16.7,4.8,65.3,87,56.1,26.6,39.7,70.9,46.6,45,30
Central African Republic,2023,43.8,6.9,4.6,16.9,65.4,87.3,84.2,26.5,39.8,73.5,45,45,30
Central African Republic,2022,45.7,7.1,18.3,12.3,65.3,88.1,95.2,26.5,39.5,75.3,46.2,45,30
Central African Republic,2021,48.8,23.2,22,28.2,65.3,92.2,95.4,23.3,40.9,74.9,45.2,45,30
Chad,2025,52.2,27.4,14.1,14.5,78.5,92.9,97.9,28.7,53.5,72,47.2,60,40
Chad,2024,51.4,27.8,11.1,14.7,77.8,89.1,95.2,28.3,53.5,71.7,47.2,60,40
Chad,2023,52,28.2,14.5,12.6,78.1,91,93.7,28.4,53.4,76.8,47.3,60,40
Chad,2022,49.8,28.9,13.1,13.6,44.6,92.7,96.3,28.2,54.5,74.2,52,60,40
Chad,2021,50.4,27.7,21,25,44.6,93.9,96.1,25.3,42.9,76.7,52,60,40
Chile,2025,73.2,71.3,67.9,87.8,72.5,74.4,84.2,79.5,61.3,71.8,78,60,70
Chile,2024,71.4,72.5,68.2,87.9,71.8,73.4,66,79.2,58.6,70.9,78,60,70
Chile,2023,71.1,72.3,88.7,71.8,73,73.5,43.8,75.7,59.4,77.4,78,70,70
Chile,2022,74.4,73,71.4,91.4,72.4,78.1,75.3,76.2,58,79.4,78,70,70
Chile,2021,75.2,70.2,74.5,68.4,72.3,80.4,90.4,75.1,62.5,85.5,83,70,70
China,2025,49,46.7,40.4,37.4,71.6,67.1,11.1,67.7,57.9,74.6,74,20,20
China,2024,48.5,46.9,41.6,39.5,69.1,65.7,8.1,68.1,57.8,71.8,73.6,20,20
China,2023,48.3,45.3,38.2,42,69.5,65.1,9.8,68.3,55.2,72.5,73.6,20,20
China,2022,48,43.7,39.3,37.4,71.2,64.2,11.1,68.8,57.2,70,73.2,20,20
China,2021,58.4,62.2,46.4,71.5,72.6,67.6,54.8,80.2,64.9,69.8,71.2,20,20
Colombia,2025,59.8,45.5,40.9,58.8,67.6,64.4,48.7,68.6,61.7,69.4,72.2,60,60
Colombia,2024,59.2,45,38.1,58.3,68.7,65.3,19.5,68.8,61.9,72.3,72.6,70,70
Colombia,2023,63.1,44.9,58.7,41.4,69,66,38.5,72.2,61.7,78.6,75.8,80,70
Colombia,2022,65.1,50.9,42,59.1,71.3,66,56.7,68.8,60.7,79.3,76.4,80,70
Colombia,2021,68.1,59.8,49.7,36.4,69.7,69.3,78.9,71,77.7,78.1,77,80,70
Comoros,2025,51.4,22.9,16,20.9,65.3,89.5,86.1,49.9,55.1,71.3,64.2,45,30
Comoros,2024,52,24.6,14.1,20.4,65.4,89.3,89.2,48.8,55.7,71.7,69.6,45,30
Comoros,2023,53.5,24.5,21.8,19.5,65.4,88.5,88.5,48.6,55.6,84.9,69.6,45,30
Comoros,2022,50.4,28.9,20.1,21.2,63,88.5,96.2,48.3,55.5,81.5,27,45,30
Comoros,2021,55.7,34,23.6,28.2,63.5,91.6,97.3,48.5,60.4,79.7,66.2,45,30
Costa Rica,2025,68.6,65.9,60.4,75.7,78.5,88.6,70.8,80.3,62.1,74.9,75.4,50,40
Costa Rica,2024,67.7,65.4,58.7,76.9,78.9,86.9,44.4,79.5,61.8,74.5,75,60,50
Costa Rica,2023,66.5,66,76.7,63.3,79.5,85.9,17.4,73.8,58.1,82.2,74.6,70,50
Costa Rica,2022,65.4,66.4,63.1,78.4,79.2,86.6,10.9,66,56.6,83.1,74.6,70,50
Costa Rica,2021,64.2,64,59,58.1,79.9,87.7,24.3,66.2,55.5,80.9,75,70,50
Côte d'Ivoire,2025,57.8,46.3,36.6,31.1,82.2,86.3,42.4,65.2,56.8,66.5,70,60,50
Côte d'Ivoire,2024,58.4,44.1,33.3,29.7,78.9,86.7,41.1,64.6,57.1,66.3,73.6,75,50
Côte d'Ivoire,2023,60.4,44.4,29.8,33.6,79,88.5,65.3,60.6,56.4,68.3,73.6,75,50
Côte d'Ivoire,2022,61.6,45.4,33.8,30,79.1,89.7,73.8,61,55.9,71.3,73.6,75,50
Côte d'Ivoire,2021,61.7,42.8,27,34.9,77.6,90.4,84.1,60.8,48.9,74.7,73.8,75,50
Croatia,2025,68.7,81.3,53.4,71.4,77.3,35.1,90.3,80.4,69.1,66.6,79.6,60,60
Croatia,2024,67.2,79.8,51.3,71,81.7,27.1,74.8,76.5,68.2,67.4,79.2,70,60
Croatia,2023,66.4,79.5,70,50.7,81.1,25.1,69.6,72.1,58.3,76.4,78.6,75,60
Croatia,2022,67.6,81.1,50,69.9,82.8,26.3,75.2,72.4,58.7,80.5,79.2,75,60
Croatia,2021,63.6,68.4,51.4,41.1,79,35.8,89.6,56.2,43.6,78.7,84,75,60
Cuba,2025,25.4,29.9,33.4,14.3,51.9,0,0,42.3,20,20,72.8,10,10
Cuba,2024,25.7,30.1,36.2,15.2,51.9,0,0,41.5,20,20.3,72.8,10,10
Cuba,2023,24.3,31.7,15.5,36.6,51.9,0,0,41.1,20,15.3,59.6,10,10
Cuba,2022,29.5,31.5,39.9,15.6,48.4,0,11.4,41.1,20,61.8,64,10,10
Cuba,2021,28.1,27.7,48.7,10,47.1,0,14.6,20,20,64.6,64.2,10,10
Cyprus,2025,73.2,83.7,57.3,89.2,79.9,51.2,85.2,78.9,61.9,76.1,79.6,75,60
Cyprus,2024,72.2,83.7,55.9,88.7,79.9,45.5,79.3,78.6,66.7,74.5,79.2,75,60
Cyprus,2023,72.3,83,89.7,58.8,80.8,45.8,73.3,74.9,66.5,81.5,78.6,75,60
Cyprus,2022,72.9,85.6,62.9,90.9,80.3,44.3,71.2,74.9,66.4,83.9,79.2,75,60
Cyprus,2021,71.4,78.5,65,57.9,80.2,52.1,82,76.1,60.5,85,84,75,60
Czech Republic,2025,72.9,89.9,62.8,92,78.9,42.2,71.5,81.4,57.9,68.9,79.6,70,80
Czech Republic,2024,70.2,89.3,60.7,83.1,79.6,36.2,58.7,77.3,58.9,68.8,79.2,70,80
Czech Republic,2023,71.9,88.5,81.9,60.3,79.3,39.5,73.5,76.9,56.1,78,78.6,70,80
Czech Republic,2022,74.4,88.8,59.6,81.8,78.9,44.7,93.2,80.6,56.5,79,79.2,70,80
Czech Republic,2021,73.8,76.2,64.4,56.8,79.1,51.4,98.1,68.8,77.1,79.7,84,70,80
Democratic Republic of Congo,2025,47.3,15.6,11.7,12,74.2,92.4,97,32.8,54.4,59.4,68.2,30,20
Democratic Republic of Congo,2024,47.6,15.1,11.3,12.6,74.2,93,93.1,32.6,55.6,65.6,68.2,30,20
Democratic Republic of Congo,2023,47.9,14.4,12.9,11.8,74.4,95.2,96,31.7,54.4,65.8,68.2,30,20
Democratic Republic of Congo,2022,47.6,14.8,11.8,13.2,74.4,95.7,97.4,28.3,54,63.7,68,30,20
Democratic Republic of Congo,2021,49,23,11.5,18.2,71.3,96,99.5,53.1,40.2,61.7,63.2,30,20
Denmark,2025,79.1,99.3,98,90.5,45,33.6,98.2,93,64.9,76.6,79.6,90,80
Denmark,2024,77.8,98.6,97.4,89.6,41.8,26.8,98.2,92.7,64.9,74.3,79.2,90,80
Denmark,2023,77.6,97.5,88.5,100,42.1,20.9,97.3,89,64.8,82.4,78.6,90,80
Denmark,2022,78,98.6,99.5,89.6,42.3,21.1,96.2,89,64.4,85.7,79.2,90,80
Denmark,2021,77.8,86.7,93.4,86.9,43.7,23.1,98.2,88.8,73.8,84.5,84,90,80
Djibouti,2025,55.7,30.6,27.7,27.7,83.5,86.2,86.6,53.7,52.8,70.3,49.8,50,50
Djibouti,2024,55.8,31.4,26.2,27.6,83.6,83.7,89.3,49.9,50,67.5,49.8,60,50
Djibouti,2023,56.1,31.5,28.2,27,83.6,82.2,89.3,48.3,50.8,72.2,49.9,60,50
Djibouti,2022,55.3,33.1,24.5,28.3,80,83.3,92.1,48.6,50.7,69.5,43.2,60,50
Djibouti,2021,56.2,42.8,27.9,28.2,79.6,80.4,79.4,63.3,49.4,70.4,43.2,60,50
Dominica,2025,55.3,68.9,59.9,82.9,76.1,0,26.4,68,49.9,76.8,54.6,60,40
Dominica,2024,54,67.9,59.4,82.7,76.4,0,7.4,63.7,49.9,75.8,54.8,70,40
Dominica,2023,59.7,69.1,82.7,57.9,76.4,3.1,56.7,63.8,59.5,82.6,54.8,70,40
Dominica,2022,54.4,68.1,56.2,81.6,71.6,8.5,1.1,55.8,59,84.9,55.6,70,40
Dominica,2021,53,51.2,51,66.3,70,7.4,6.1,68.4,67,82.4,55.6,70,40
Dominican Republic,2025,64.3,56.3,38.5,58.2,84.6,89.5,77,75.6,53.1,69.4,68.8,60,40
Dominican Republic,2024,62.9,55.5,35.9,58.6,84.4,88.3,57.6,75.5,53.3,66.9,68.4,70,40
Dominican Republic,2023,62.6,55.1,56.6,33.2,84.9,89.1,61.9,72.1,53,68.8,67,70,40
Dominican Republic,2022,63,54,30.8,55.9,84.6,89.9,66.8,68.1,52.9,73.5,69,70,40
Dominican Republic,2021,62.1,51.2,34.6,28.8,84.6,91.7,84.4,56.4,58.7,75.3,69.4,70,40
Ecuador,2025,55.8,30.5,33.8,48,76.6,54.9,89.3,66.6,57.4,75.3,67.2,30,40
Ecuador,2024,55,32.9,34.9,48.5,74.7,55.1,79.9,65,57,75.3,66.4,30,40
Ecuador,2023,55,31.6,46.9,36.5,74.8,60.3,66.4,64,56.5,82.2,65.6,35,40
Ecuador,2022,54.3,31.4,37.2,47.3,77.5,59.7,63.1,60.3,57.3,81.5,61,35,40
Ecuador,2021,52.4,39.5,38.5,24.7,77.1,58.5,75.9,50.4,47.9,81.7,59.8,35,40
Egypt,2025,50.9,40.6,29.6,21.9,85.8,82.2,20.7,48,43.6,62.6,60.2,65,50
Egypt,2024,49.7,40,26.2,21.9,85.4,80.8,11.8,48.9,32.8,72.9,60.2,65,50
Egypt,2023,49.6,39.7,22.1,27.9,86.7,79.4,4.1,51.1,33.4,75,60.2,65,50
Egypt,2022,49.1,39,28.7,22.1,87.1,75.7,3.7,54.1,32.9,70.9,60.2,65,50
Egypt,2021,55.7,51.2,37,54,86.9,73.1,6,62.7,51.4,64.3,67,65,50
El Salvador,2025,56.6,43.2,30.9,14.6,78.2,72.2,56.1,62.7,54.9,66.2,70.4,70,60
El Salvador,2024,54.4,41.6,33.6,14.4,76.6,71.7,42.8,62.5,54.8,64.9,70,60,60
El Salvador,2023,56,43,31.8,34.6,77.2,71.6,35.8,64.7,54.6,70.2,68.6,60,60
El Salvador,2022,59.6,43.2,36.1,46.8,77.7,74.7,50.3,65,54.6,76.8,69.4,60,60
El Salvador,2021,61,39.9,34.2,33.5,77.9,81,79.6,52.4,52.2,81,70.8,70,60
Equatorial Guinea,2025,47.7,18.7,7.2,7.1,74.9,92.5,97.2,36.5,44.9,74.3,48.8,40,30
Equatorial Guinea,2024,47.7,21,5.7,8.3,75.1,92.9,97.6,33.3,46.4,72.8,48.8,40,30
Equatorial Guinea,2023,48.3,21.6,8.3,8.9,74.5,93.2,96.3,33.5,47.4,77.7,48.7,40,30
Equatorial Guinea,2022,47.2,18.9,6.5,6.9,75.1,91,94.8,34.4,46.5,73,48.8,40,30
Equatorial Guinea,2021,49.2,27.8,17,15.4,75.2,90,96.1,36.4,34.4,79.4,48.8,40,30
Eritrea,2025,38.6,6.1,14.5,3.8,80.3,62.3,69,31.3,43.4,63.9,68.4,0,20
Eritrea,2024,39.5,8.3,15,4.6,80.3,62.3,69,30.7,51.4,63.8,68.4,0,20
Eritrea,2023,39.5,9.6,5.2,12,80.3,62.3,69,31.3,51.2,64.6,68.4,0,20
Eritrea,2022,39.7,8.6,11.1,3.9,72.7,68.6,79,30.1,51.2,61.5,69.2,0,20
Eritrea,2021,42.3,24.2,21,15.4,74,64.3,78.1,17.3,69.6,55,69.2,0,20
Estonia,2025,78.9,93.7,84.5,93.9,80.8,48.8,90.9,83.3,62.2,68.8,79.6,90,70
Estonia,2024,77.8,92.8,81.2,93.4,80.8,46.8,85.4,83.2,64.2,66.2,79.2,90,70
Estonia,2023,78.6,92.1,92.9,83.2,80.1,47.5,89,79.4,61.9,78.4,78.6,90,70
Estonia,2022,80,91.5,83.9,92.3,81.1,48.4,93.3,86.9,61.1,82.8,79.2,90,70
Estonia,2021,78.2,81.8,86.4,80.8,81,54.4,99.6,72.7,57.8,79.7,84,90,70
Eswatini,2025,56.4,44.8,29.9,36.8,76.1,73.9,70.6,49.5,55.9,76.1,73.6,50,40
Eswatini,2024,55.6,44.9,29.9,36.4,78.3,72.6,63.6,46.4,54.8,76.6,73.6,50,40
Eswatini,2023,54.9,45.9,36.6,33,78.2,68.5,51.3,49.9,54.9,77.9,72.4,50,40
Eswatini,2022,51.4,46.1,32.1,36.9,78.6,63.9,15.6,48.9,54.8,77.9,71.8,50,40
Eswatini,2021,55.1,48.5,36.4,46.1,78.7,64.3,16.4,61.5,69.5,78.2,71.4,50,40
Ethiopia,2025,48.1,27.9,32.7,19.7,78.2,95.4,80.9,45.3,39.4,49.9,57.4,30,20
Ethiopia,2024,47.9,27.7,33.8,20.6,78.4,94.4,79,44.1,39.3,49.8,57.4,30,20
Ethiopia,2023,48.3,30.4,21.2,34.5,77.9,93.7,82.8,39.3,39.1,53.8,56.4,30,20
Ethiopia,2022,49.6,38.1,33.2,20.5,78.3,93,81.6,42.7,38.8,57.7,61.4,30,20
Ethiopia,2021,51.7,23.2,31.5,33.8,78.2,91.9,79.6,47.5,57.4,60.6,61.4,35,20
Fiji,2025,59.1,61.4,52.3,46.5,89.7,67.8,6.1,68.6,72,74.8,65,55,50
Fiji,2024,58,59.9,52.5,46.2,89.7,67,3.4,64.9,69.1,73.8,64.4,55,50
Fiji,2023,58,58.1,45.6,55.4,89.3,69.4,6.2,63,65.8,79,58.8,55,50
Fiji,2022,56.4,53.2,54.3,43.4,86.8,69.6,9.1,58.8,66,74.9,55.2,55,50
Fiji,2021,62.2,60.6,46.8,40.4,86.2,71.1,68.4,61.3,77.2,74.9,55,55,50
Finland,2025,77,100,94.8,97,68.2,7.3,81.5,88.3,65.6,76.1,79.6,85,80
Finland,2024,76.3,100,94.2,97.6,67.8,8.2,74.3,88.8,65.5,75.4,79.2,85,80
Finland,2023,77.1,100,97.2,97.6,68.7,8.5,76.5,84.9,65.5,82.1,78.6,85,80
Finland,2022,78.3,100,96.4,97.8,68.4,10.7,83.2,88.7,65.1,84.9,79.2,85,80
Finland,2021,76.1,91.9,97.2,82.2,68,14.3,91.4,85.8,50.5,83.3,84,85,80
France,2025,64.4,92.9,74.3,84.2,54.3,0,30,81.9,60.2,70.3,79.6,75,70
France,2024,62.5,93.1,73.7,84.2,53.1,0,6.9,82,60.5,71.6,79.2,75,70
France,2023,63.6,93,83.9,75.5,52.9,0,20,78.2,59.2,76.9,78.6,75,70
France,2022,65.9,93.8,75.9,85.5,52.1,0.5,39.1,81.9,58.8,79.1,79.2,75,70
France,2021,65.7,82.2,80.1,69.2,50.7,6.3,69,80.2,44.8,77.3,84,75,70
Gabon,2025,56.3,25.4,21.7,19.8,77.7,88.4,85.7,64.9,55.7,78.1,58,60,40
Gabon,2024,56.9,26.7,23.7,19.4,77.4,90.8,92.5,63.5,54.8,78.6,55.2,60,40
Gabon,2023,56.1,27.2,18.2,25.6,77.3,90.4,90.7,50.1,55.4,83,55.1,60,40
Gabon,2022,55.8,26.8,24.4,18.6,77.4,90.2,89.5,49.9,54,81.5,56.8,60,40
Gabon,2021,58.1,24.2,36.4,25.5,77.7,90.8,93.7,54.7,52.9,84.5,56.8,60,40
Georgia,2025,69,62.3,58.9,55.3,89.1,72.9,75.9,78.1,63.5,65.3,86.2,60,60
Georgia,2024,68.4,53.3,61.1,54.8,89.1,69.6,39.9,74.4,63,69.3,86.4,80,80
Georgia,2023,68.7,54.3,55.5,62.9,89.1,70,43,69.8,62.1,72,86,80,80
Georgia,2022,71.8,63.8,64.4,56.4,89.1,72.7,67.1,74.1,61.9,76,86.6,80,70
Georgia,2021,77.2,66.9,64.6,59.3,89.1,76.9,94.9,84.9,76.7,76.7,86,80,70
Germany,2025,71.6,95.4,86,93.5,60.5,26.9,81.1,83.7,53.3,69,79.6,60,70
Germany,2024,72.1,95.3,86,93,59.3,24.1,71.9,84.2,53.7,68.8,79.2,80,70
Germany,2023,73.7,94.8,93.1,89.4,60.2,28.3,82.7,79.7,52.8,75.3,78.6,80,70
Germany,2022,76.1,95.7,89.4,95.3,59.9,34.5,90.4,87.2,52.3,79.5,79.2,80,70
Germany,2021,72.5,78.8,81.5,69.8,60.4,40.3,92.8,82.4,53,77.2,84,80,70
Ghana,2025,56,50.5,45.8,58.2,79.9,81.6,6.2,56.6,55.9,52.7,64.4,60,60
Ghana,2024,55.8,50.1,43.9,57.3,79.5,75.5,2.9,52.9,55.7,58.6,63,70,60
Ghana,2023,58,50.5,57.2,45.3,82.9,81.2,6.5,53.3,55.8,70.3,63,70,60
Ghana,2022,59.8,60.7,45.4,57,82.8,83.8,7.8,60.9,55.4,70.8,63,70,60
Ghana,2021,59.2,49.3,32.3,38.2,82.8,87.8,31.7,62.9,60.9,71.7,62.4,70,60
Greece,2025,60.6,77.3,51.8,70.4,60,14,58.9,78,61.7,70.7,79.6,55,50
Greece,2024,55.1,76.9,55.2,69.9,60.6,3.4,5.6,73.9,62.8,68.9,79.2,55,50
Greece,2023,56.9,76.7,69.9,52.9,60.8,9.7,18.1,70.3,60.7,79.6,78.6,55,50
Greece,2022,61.5,76,52.3,69.9,59.9,17.9,67.6,70.3,61.1,78.6,79.2,55,50
Greece,2021,60.9,55.5,53.6,53.5,59.9,34.2,80,75.8,49.8,80,84,55,50
Guatemala,2025,63.4,38.7,22.6,26.8,92,94.3,95.5,67.1,57.9,74.2,72.2,70,50
Guatemala,2024,62.4,38.8,22.8,27.9,91.3,93.7,87.5,66.4,50.4,74.6,75,70,50
Guatemala,2023,62.7,39.2,28.5,24.9,91.7,94,85.8,65.8,50.1,77.4,74.6,70,50
Guatemala,2022,63.2,39.8,26.5,36.9,91.5,94,83.3,62.1,50.3,79.3,75,70,50
Guatemala,2021,64,43.2,30.1,32.6,91.8,94.8,92.1,61.5,48.5,77.7,75.6,70,50
Guinea,2025,54.6,22.3,25.1,26.5,70.4,93,93.4,44.9,56.4,71.1,61.8,50,40
Guinea,2024,53.3,21.7,23.9,26.7,70.1,92.7,92.2,44.9,48.8,69,59.4,50,40
Guinea,2023,53.2,20.4,26.7,24.1,70.1,92.5,91.7,45.4,50,68.2,59.4,50,40
Guinea,2022,54.2,21.4,25.6,27.8,69.3,92.8,92,45.4,49.5,69.7,66.4,50,40
Guinea,2021,56.5,32.2,22,33.4,69.7,92.5,95.3,47.1,58.6,70.5,66.4,50,40
Guinea-Bissau,2025,43.6,26.5,20.4,14,88.9,84.5,15.6,35.1,54.8,73.3,50.6,30,30
Guinea-Bissau,2024,42.7,26.5,19.3,14.7,88.9,83.1,7.1,32.4,55,74.2,50.6,30,30
Guinea-Bissau,2023,44.6,27.5,14.7,18.7,89.1,84.2,22.2,31.6,56.6,79.9,50.7,30,30
Guinea-Bissau,2022,46,29.1,15.9,14,88.8,85.8,31.3,31.5,56.4,83.4,55.8,30,30
Guinea-Bissau,2021,54.9,39.5,20.2,50.8,88.7,88.7,69.6,37.9,61,86.7,55.8,30,30
Guyana,2025,58.2,48.2,38.6,48.3,76.9,83.6,39.7,71.1,76.7,76,54,55,30
Guyana,2024,57.3,46.8,39.2,48.3,74.9,80.2,25.8,70.9,76.7,75.5,64.4,55,30
Guyana,2023,56.9,46.7,47.1,40.2,73.2,76,39,67.1,73.8,79.6,55,55,30
Guyana,2022,59.5,46.9,41.5,47.4,67.5,74.8,67.4,63.1,67.3,83.3,69.4,55,30
Guyana,2021,57.4,44.9,38.5,40.4,64.6,77.3,69.8,58.2,62.1,81.3,66.8,55,30
Haiti,2025,46.1,10.7,13,16.7,81.7,98.1,96.6,33.3,54.9,41.2,66.4,20,20
Haiti,2024,48.2,12,12.5,17.5,81.7,97.5,89.9,32.4,55.1,53.8,66.4,30,30
Haiti,2023,49.9,23.2,18.5,15.8,81.7,96.8,90,33.4,55.1,58.3,66.5,30,30
Haiti,2022,50,24.1,14.3,18.6,81.5,97,94.8,33.5,54.7,56.2,65.4,30,30
Haiti,2021,50.8,12.6,22,15.1,80.2,91.3,92.9,33,62.1,59.7,65.4,45,30
Honduras,2025,59.6,38.1,25.1,27.1,84.5,79.2,94.8,65,38.8,68.2,69.4,65,60
Honduras,2024,58.6,37.5,21.3,27.7,83,78.6,88.8,64.5,38.7,67.7,70.4,65,60
Honduras,2023,58.7,38.3,29,23.4,83.8,77.5,84.4,60.8,38.4,72,71.6,65,60
Honduras,2022,59.5,40.3,25.4,29,82.7,78.7,92.1,56.9,39.1,72.7,71.6,65,60
Honduras,2021,59.8,45.5,29.1,36,82.2,79.3,96.7,48.7,32,71.8,71.8,65,60
Hungary,2025,61.4,69.2,42.2,62.7,85.3,28.5,17.6,76.1,60.3,65.1,79.6,80,70
Hungary,2024,61.2,69.6,44.3,63,85.4,27.7,11.5,73.5,62,68.8,79.2,80,70
Hungary,2023,64.1,69.5,62.5,44.8,84.2,29.8,38.9,73.5,61.3,76.5,78.6,80,70
Hungary,2022,66.9,75.8,44.4,62.2,84.1,31.6,58.4,77.2,61.2,78.5,79.2,80,70
Hungary,2021,67.2,65.6,48.7,52.4,83.6,35,83.3,59.9,64.8,78.8,84,80,70
Iceland,2025,72.8,97,81.5,95.6,72.6,33.2,55.2,86.3,60.1,71.8,80.4,70,70
Iceland,2024,70.5,96.5,83.7,95.3,73.6,26.3,10.5,87.4,68,73.4,80.8,80,70
Iceland,2023,72.2,96.8,94.2,83.9,72.9,31.5,28.8,83.3,67.7,77.4,80.4,80,70
Iceland,2022,77,97.1,85.3,94.8,72.9,36.8,76.1,83.3,67.4,79.3,81,80,70
Iceland,2021,77.4,87,90.6,72.6,72.4,46.2,97.6,83.6,62,79.4,86.8,80,70
India,2025,53,51.1,37.6,53.2,71.3,74.2,6.2,72.3,59,69.9,61,40,40
India,2024,52.9,49.2,40.8,52.1,73.7,73.5,6.9,68.3,58.4,69.1,62.2,40,40
India,2023,52.9,49.7,53,42.2,78.5,73.8,5.8,64.3,58.1,70,59.8,40,40
India,2022,53.9,49.9,42.4,51.5,79.5,76.2,4,63.9,58.2,70,71,40,40
India,2021,56.5,59.2,48.1,55.9,78.7,78.5,18,76.7,41.3,72.1,69.4,40,40
Indonesia,2025,65.2,39.8,40.1,45.3,81.8,90.9,84.9,73,59.3,78,79.4,50,60
Indonesia,2024,63.5,39.2,38.6,44.5,81.7,90.2,66.8,73.1,59.5,78.4,79.6,50,60
Indonesia,2023,63.5,38.5,44.2,39.3,81.9,90.6,66.8,70.6,59.5,81.5,78.8,50,60
Indonesia,2022,64.4,38.6,39.9,43.2,85.3,91.2,80.1,66.6,59.3,80.3,78.6,50,60
Indonesia,2021,66.9,59.4,39.1,48.9,83.7,91.8,90.7,71.3,49.2,79,79.2,50,60
Iran,2025,42.5,23.3,16.3,18.6,81.3,94,84.1,38.4,43.6,39,55.8,5,10
Iran,2024,41.2,23.8,17.1,18.8,81.1,95.3,62.5,37.9,48.8,38.2,55.8,5,10
Iran,2023,42.2,25,26.3,19.6,81.1,94.8,58.8,38.9,50.7,40.6,55.8,5,10
Iran,2022,42.4,26.6,19.8,29.4,80.8,92.5,54.7,38.9,49.4,42.3,59.2,5,10
Iran,2021,47.2,33.5,31.8,28.3,80.8,90.1,82.8,57.1,50.1,42.1,54.2,5,10
Iraq,2025,N/A,6.3,19.9,7.1,N/A,N/A,N/A,N/A,N/A,N/A,N/A,N/A,N/A
Iraq,2024,N/A,14.8,18.3,7.3,N/A,N/A,N/A,N/A,N/A,N/A,N/A,N/A,N/A
Iraq,2023,N/A,14.6,7.6,19,N/A,N/A,N/A,43.1,56.8,67.1,N/A,N/A,N/A
Iraq,2022,N/A,N/A,N/A,N/A,N/A,N/A,N/A,N/A,N/A,N/A,N/A,N/A,N/A
Iraq,2021,N/A,44.8,22,11,N/A,65.3,94.7,51.7,45.6,77,N/A,N/A,N/A
Ireland,2025,83.1,94.1,84,95.5,77.6,85.1,95.8,88.1,62.4,75,79.6,90,70
Ireland,2024,82.6,93.5,83.4,94.3,78,82.4,91.7,91.3,62.8,74.5,79.2,90,70
Ireland,2023,82,92.9,93.9,82.8,78.4,80.5,86.8,87.2,61.2,81.5,78.6,90,70
Ireland,2022,82,92.6,80.7,93,76.5,79.9,89,87.2,60.9,85.2,79.2,90,70
Ireland,2021,81.4,86,82,72.4,76.6,81.1,93.1,81.5,76.1,84.4,84,90,70
Israel,2025,69.9,77.2,63.9,68.1,60.8,55.6,81.7,73.4,58.3,77.3,82.8,70,70
Israel,2024,70.1,82.1,65.5,84.4,59.3,50.7,58.6,80.8,58,78.4,83,70,70
Israel,2023,68.9,82.3,82.8,62.7,60.9,49.1,31.1,84.9,56.9,83,82.6,80,70
Israel,2022,68,83.2,65.2,85,60.4,48.4,23.1,81.1,56.5,84.8,78.8,80,70
Israel,2021,73.8,83.6,76.8,79.8,60,53.8,79.2,73.9,65.1,84.4,84.2,75,70
Italy,2025,60.9,82.2,60.6,78.8,57.4,9.5,0,77.6,70.7,74.2,79.6,80,60
Italy,2024,60.1,81.6,60.7,77.7,57,2.5,0,77.6,70.7,74.1,79.2,80,60
Italy,2023,62.3,81.2,77.9,61.1,57.3,13.7,20.4,73.8,70.6,82.6,78.6,80,50
Italy,2022,65.4,81.7,57.3,78.6,57.7,20.6,49,73.8,70.4,86.2,79.2,80,50
Italy,2021,64.9,75.7,63.7,62.3,58.1,28.9,73,68.1,50.5,84.2,84,80,50
Jamaica,2025,68.7,67.8,49.5,79.9,76.5,72.8,89,70.1,64.4,72.8,71.8,60,50
Jamaica,2024,68.1,66.1,48.4,69.7,77,71.5,87.5,69.9,64.9,71.2,71.6,70,50
Jamaica,2023,68.1,65.8,70.8,48.6,79.8,72.2,82.6,67.7,64.4,75.1,70,70,50
Jamaica,2022,67.4,65,49,70.6,76.6,71.6,79.4,56.5,64.7,76.2,69.2,80,50
Jamaica,2021,69,60.6,47.7,55.1,79.7,74.4,83.1,77.6,73.4,77.5,69.2,80,50
Japan,2025,70.2,95.1,82.8,96,62.5,47.5,41.6,78,67.8,74.4,76.2,60,60
Japan,2024,67.5,94.6,82.6,93.6,63.3,42.5,0,77.5,68.6,81.7,75.8,70,60
Japan,2023,69.3,94.1,94.7,80.7,68.1,48.4,18.1,78.3,66.8,87.1,75.2,60,60
Japan,2022,69.9,94.6,81.4,95.3,67.4,52.5,19.7,78.3,66.6,87.1,75.4,60,60
Japan,2021,74.1,87.8,82,75.5,67.8,57.8,67.5,85.9,79,85.1,80.4,60,60
Jordan,2025,59.4,54.4,48.8,43.5,83.9,68.5,2.8,62.4,55.6,79.9,82.4,70,60
Jordan,2024,58.3,54,48.4,43.4,84.4,67.8,2.3,62.8,56.5,78.7,71.4,70,60
Jordan,2023,58.8,54.1,42.7,48.3,84.7,70,3.1,59.8,57.4,83.6,71.4,70,60
Jordan,2022,60.1,53.7,49.5,42.6,84.8,71.6,15.9,59.6,57.2,84.2,71.8,70,60
Jordan,2021,64.6,66.2,51,60.3,84.7,73.3,45.5,58.9,52.8,82,71,70,60
Kazakhstan,2025,63.8,54.7,39.9,34.8,91.7,85.1,91.8,69.3,63.2,61.3,73.2,50,50
Kazakhstan,2024,62,54.1,36.5,33.8,92.6,84.4,73.7,69.7,62.6,62.6,74.6,50,50
Kazakhstan,2023,62.1,54.8,34.4,36.9,93,85.1,70.6,64.6,62.7,67.7,74.8,50,50
Kazakhstan,2022,64.4,55.3,37.9,34.5,92.7,86.5,93.5,64.7,62.7,69.1,75.4,50,50
Kazakhstan,2021,71.1,60.2,44.6,62.8,93.6,86.7,98.3,76.2,86.2,70,74.6,50,50
Kenya,2025,54.8,41.8,31.5,48,77,83.7,25.1,58.9,57.3,72.6,56.6,55,50
Kenya,2024,53.6,40.8,31,47.7,79.7,82.8,11.1,57.7,57.3,73.2,57.2,55,50
Kenya,2023,52.5,39.7,38.9,30,79,81.7,10.8,56,57.1,74.7,57.2,55,50
Kenya,2022,52.6,40.6,30.9,39,79,82.2,10.6,56.1,56.8,75.5,56,55,50
Kenya,2021,54.9,60.4,29.5,41.5,78.7,80.2,12.6,56.7,57.1,75.4,62.2,55,50
Kiribati,2025,50.9,68.5,48.9,59.9,72.9,0,19.7,62.8,65.3,72.5,80,30,30
Kiribati,2024,51.3,73.2,49,66.7,70.7,0,19.5,60.9,58.4,76.9,80,30,30
Kiribati,2023,58.8,76.3,83.7,51.9,69.5,0,82.8,61.2,65.5,79.5,80,25,30
Kiribati,2022,59.2,70.6,45.4,81.8,69.3,0,99.4,63.2,65.1,80.7,80,25,30
Kiribati,2021,44.4,44.8,27.9,33.1,70.7,0,98.9,32,63.9,82.5,23.8,25,30
Kosovo,2025,61.7,47.6,43.2,32.2,91.9,74.3,98.5,56.8,47.5,69,84.2,65,30
Kosovo,2024,60.6,48.2,41,31.8,90.7,72.3,82.3,68,47.5,66.4,84.2,65,30
Kosovo,2023,60.7,47.2,31.3,39.3,93.1,70.8,72.6,67.9,53.4,75,83.3,65,30
Kosovo,2022,60.1,47.4,37.5,31,92.5,71.6,67.4,68,53.1,79.1,78.6,65,30
Kosovo,2021,66.5,54.5,46.4,55.9,92.6,75,90.5,71.2,64.4,75.7,77.2,65,30
Kuwait,2025,59.9,42.7,46.9,42.9,97.7,38.2,100,57.4,49,67.8,75.6,50,50
Kuwait,2024,58.5,42.1,41.9,41.4,97.7,11.3,100,56.2,53,67.9,75.6,55,60
Kuwait,2023,56.7,42.5,40.6,43.8,97.7,3.2,80.9,59.1,52.1,69.3,75.6,55,60
Kuwait,2022,58.3,41.9,43.8,42,97.7,4,99.7,55.4,52.7,71.7,75.6,55,60
Kuwait,2021,64.1,57.4,47.5,52.6,97.7,21.4,99.7,66,62.2,73.6,75.8,55,60
Kyrgyz Republic,2025,55.6,21.7,23.3,10.2,92.5,64.8,95.9,58.7,52.9,63.4,73.6,60,50
Kyrgyz Republic,2024,55.2,22.4,24.8,11.4,94,66,92.2,55,52.3,62.4,71.8,60,50
Kyrgyz Republic,2023,55.8,24.2,13,25.2,95,66,90.1,56.1,52.1,65.4,72,60,50
Kyrgyz Republic,2022,55.8,25.1,28.8,11.8,94.8,66.7,79,56.1,52.2,71.4,73.2,60,50
Kyrgyz Republic,2021,63.7,46,33.7,23.3,94.8,63.8,90.6,72.6,79.5,77.5,72.8,60,50
Laos,2025,51.1,42.5,23.2,12.5,88.8,92.9,80,55.3,42.4,52.3,68.4,35,20
Laos,2024,50.6,44,23.4,12.2,88.8,91.2,67.1,56.2,42.9,59.1,67.6,35,20
Laos,2023,50.3,41.8,11.4,21,89,90.1,54.6,56.7,44.5,72.3,66.6,35,20
Laos,2022,49.2,41.1,20.4,11.1,87.2,88.4,44,60.5,44.3,71.8,66.8,35,20
Laos,2021,53.9,38.8,34.5,37.6,87.1,86.8,51.1,54.7,59.1,74.5,67.8,35,20
Latvia,2025,71.4,87.8,66.7,72.3,76.2,46.9,67.2,81.8,64,69.5,79.6,85,60
Latvia,2024,71.5,87.6,64.8,73,76.6,48.5,67.3,82,66.3,67.8,79.2,85,60
Latvia,2023,72.8,87.3,73,64.7,76.2,49,78.9,78.2,62.6,80.1,78.6,85,60
Latvia,2022,74.8,88.5,61.1,75.1,76.4,53.2,91.4,81.9,62.4,83.8,79.2,85,60
Latvia,2021,72.3,74.7,47.7,55.9,76.7,57.6,96.6,76.5,73.8,79.6,84,85,60
Lebanon,2025,44.1,22.3,24.5,22.6,90.3,95.6,63.6,47.8,57.1,0,65.4,20,20
Lebanon,2024,48.3,30.7,22.7,24,90.5,94.7,69.2,48.9,57.6,10.1,71.4,30,30
Lebanon,2023,45.6,33.1,25,22.6,89.7,80.7,44.1,48.1,53.3,19.5,71.4,30,30
Lebanon,2022,47.3,33.7,22.8,27.4,88.5,77.4,0,48.8,54.2,41.1,74.2,50,50
Lebanon,2021,51.4,42.3,27.9,33.1,88.5,70.3,0,44.3,47.4,78.3,74.4,60,50
Lesotho,2025,54.1,42.4,39.3,43.6,68,23.8,92,49.6,58,73.5,63.8,55,40
Lesotho,2024,51.9,43.3,41.6,43.4,77.2,22.4,63.7,44.4,57.9,72.8,61.2,55,40
Lesotho,2023,51.6,42.4,43.3,41.6,77.3,11.2,70.1,44,57.9,74.9,61.2,55,40
Lesotho,2022,48.1,45,42.8,44.1,77.4,4.5,27.5,44.2,58.3,75.9,62.2,55,40
Lesotho,2021,53.5,41.6,32.2,60.5,71.5,22.2,67.2,55.3,58.8,75.8,62.2,55,40
Liberia,2025,48.5,32.8,24.9,22.7,86,76.6,53.6,39,43.5,70.7,57,55,20
Liberia,2024,49.9,32.4,24.9,23.4,86.1,71.8,69.2,34.6,43.6,71.6,66.8,55,20
Liberia,2023,49.6,31.6,23.2,26.1,86.1,68.6,72.6,34.1,43.3,68.3,66.8,55,20
Liberia,2022,47.9,32.2,25.1,23.4,86.1,68,64.6,34.8,43.2,61.7,60.8,55,20
Liberia,2021,49.2,29.5,27,40.4,85.8,68.3,54.3,48.9,41.4,58.5,60.8,55,20
Libya,2025,N/A,5.7,11.7,3.6,N/A,N/A,N/A,N/A,N/A,N/A,N/A,N/A,N/A
Libya,2024,N/A,5.9,10.2,4.2,93.2,N/A,N/A,N/A,N/A,N/A,N/A,N/A,N/A
Libya,2023,N/A,5.4,3.6,12.5,N/A,N/A,N/A,31.1,48.6,75.1,N/A,N/A,N/A
Libya,2022,N/A,N/A,N/A,N/A,N/A,N/A,N/A,N/A,N/A,N/A,N/A,N/A,N/A
Libya,2021,N/A,16.5,21,19.7,N/A,0,19.9,38.4,55.3,69.7,N/A,5,N/A
Liechtenstein,2025,N/A,94.4,82.4,86.7,N/A,N/A,N/A,N/A,N/A,N/A,86.6,80,80
Liechtenstein,2024,N/A,92.8,82.4,86,N/A,N/A,N/A,88.2,N/A,N/A,86.4,80,80
Liechtenstein,2023,N/A,92.9,88,80.8,N/A,N/A,N/A,N/A,N/A,N/A,86.6,80,80
Liechtenstein,2022,N/A,N/A,N/A,N/A,N/A,N/A,N/A,N/A,N/A,N/A,N/A,N/A,N/A
Liechtenstein,2021,N/A,N/A,N/A,N/A,N/A,N/A,N/A,N/A,N/A,N/A,N/A,85,80
Lithuania,2025,74.6,89.4,68.7,74.6,76.9,58.8,96,81,60.5,69.2,79.6,70,70
Lithuania,2024,72.9,89.1,68,74.4,76.8,55.5,83.2,80.7,61.8,66.5,79.2,70,70
Lithuania,2023,72.2,87.7,74.2,68.5,77.7,56.9,68.6,76,60.2,78.1,78.6,70,70
Lithuania,2022,75.8,88.6,66.6,74.6,84.5,59.9,86.5,87.3,59.5,82.3,79.2,70,70
Lithuania,2021,76.9,78.9,74.5,68.7,84.6,66.8,97.2,73.1,74.4,80.1,84,70,70
Luxembourg,2025,79.5,97.8,85.7,97.2,62.7,39.4,98.5,89.2,57.5,71.9,79.6,95,80
Luxembourg,2024,79.2,96.9,84.9,95.8,64.6,40.6,97.6,89.5,57.7,69.1,79.2,95,80
Luxembourg,2023,78.4,96.8,96.5,89.7,64.8,41.6,80,85.5,56.8,75.1,78.6,95,80
Luxembourg,2022,80.6,97.4,89.5,96.4,64.1,41.5,98.7,89.3,56.3,80.1,79.2,95,80
Luxembourg,2021,76,85.7,92.5,77.6,63.4,46.2,99,66.1,45.9,76.5,84,95,80
Madagascar,2025,57,40.8,25.5,34.5,91.1,92.3,66.3,38.1,56.1,70.9,68.8,50,50
Madagascar,2024,57.3,41.4,24.8,34.5,90.9,92.5,64,37.5,56.3,73,68.4,55,50
Madagascar,2023,58.9,41.7,34.4,23.8,90.7,93,82.3,38.5,56.2,75.3,65.8,55,50
Madagascar,2022,58.9,40.3,23,33.4,90.7,92.9,87.8,37.4,56,75.9,64.8,55,50
Madagascar,2021,57.7,33.7,20.2,25.7,90.6,93.4,92.9,46.5,44.7,73.7,65.4,55,50
Malawi,2025,50.9,49.4,34.4,52.3,77.1,79.4,3.3,31.3,56,58.3,68.8,50,50
Malawi,2024,52.1,48.6,36.3,52.8,77.6,82.2,8.7,30.8,55.9,64,68.4,50,50
Malawi,2023,52.8,48.4,52.7,36.6,71.6,85.2,11.8,34.1,56.9,70.8,65.6,50,50
Malawi,2022,53,48.1,29.4,53,78.7,87.4,11,34,56.4,71.1,67.4,50,50
Malawi,2021,53,46.1,26.8,42.1,79,72.3,25.4,42.1,63.6,70.5,68.2,50,50
Malaysia,2025,67.1,66.3,51.1,66.2,83.9,82.1,48.1,76.6,58.1,79.6,83.4,60,50
Malaysia,2024,65.7,65.7,48.2,65.6,83.9,81.4,42.8,70.5,58.2,79.1,83,60,50
Malaysia,2023,67.3,65.4,57.6,51.6,83.9,82.4,64.5,70.3,58,81.1,83,60,50
Malaysia,2022,68.1,65.6,53.9,57.6,83.8,82.9,73.4,67.1,57,83.6,82.2,60,50
Malaysia,2021,74.4,85.1,53.2,70.5,83.8,84.3,79.4,86.7,73.9,83.6,82.4,60,50
Maldives,2025,48.3,51.6,40.5,41,91.5,44.4,0,48.8,58.2,75.2,63.2,35,30
Maldives,2024,47.8,49.4,39,44.5,92.4,42.9,0,49.4,51.8,76.2,62.6,35,30
Maldives,2023,46.6,48.2,33.4,38.8,91.9,48.4,0,44.8,50,79.9,58.6,35,30
Maldives,2022,47.3,47.2,43.1,32.1,96.9,55.2,0,39.8,51.6,77.2,60,35,30
Maldives,2021,55.2,44.1,39.5,28.2,96.5,67,35.9,77.9,71.2,77.5,59.8,35,30
Mali,2025,52.6,23.5,22.7,32.9,70,79.6,60.4,42.4,53.9,77.2,64,65,40
Mali,2024,52.5,32.7,22.4,32.8,68,80.4,54.9,42.3,54.1,72.7,64,65,40
Mali,2023,54.5,32.6,33.4,26.9,68.9,80.5,68.7,40.5,54.4,79.2,64,65,40
Mali,2022,55.9,34,28.3,34.1,69.8,83.9,70.8,44.2,54.2,82.8,64,65,40
Mali,2021,55.6,34.5,23.6,21.2,69,85.3,81.3,46.5,53.5,83.7,64,65,40
Malta,2025,66.8,86.2,55,81.5,70,57.5,44.8,80.7,65.2,70.5,79.6,60,50
Malta,2024,64.5,86.3,55.3,89.9,69.6,45,14.5,77.5,64.4,71.8,79.2,70,50
Malta,2023,67.5,86.9,90.8,57.4,69.9,45.9,43.5,75.5,62.7,79.3,78.6,70,50
Malta,2022,71.5,87.8,55.8,89.9,69,54.6,86.2,75.5,61.8,78.5,79.2,70,50
Malta,2021,70.2,68.2,55,57.3,68.6,60.9,96.3,67.6,61.8,77.1,84,85,60
Mauritania,2025,54.9,35.8,23.8,28.3,75.8,81.5,95.4,38.8,53.6,74.6,60.6,50,40
Mauritania,2024,55.3,35.3,22.9,28.1,76,85.9,94.8,34.4,60.3,72.7,63,50,40
Mauritania,2023,55.3,36.4,27.7,24.2,75.8,90,94.7,35.3,49.3,78.6,62,50,40
Mauritania,2022,55.3,36.9,23.5,29.9,75.2,89.4,92.9,35.7,48.9,80.3,60.6,50,40
Mauritania,2021,56.1,26,21,23.9,74.3,88.4,93.3,59.1,52.8,80,63.8,50,40
Mauritius,2025,75,86.4,53.2,81,89.8,77.1,64.9,82.9,69.3,67.4,87.4,70,70
Mauritius,2024,71.5,86.4,52.3,81.2,91.5,74.7,30.4,78.9,69.1,66.7,87.4,70,70
Mauritius,2023,70.6,87,81.4,58.2,91,70.2,2.5,76,69.1,73.4,87.8,80,70
Mauritius,2022,70.9,85.6,56.5,81.7,91.3,73.4,6.8,72,69.8,75.9,87.4,80,70
Mauritius,2021,77,78.4,55,73.6,91.6,78,73.5,83.7,74.6,77.4,88,80,70
Mexico,2025,61.3,41.1,29.5,39.9,75.6,76.5,67.3,71.9,57.6,69.3,72.2,75,60
Mexico,2024,62,46.5,29,39.4,76,77,66.9,71.2,58,68.3,76.8,75,60
Mexico,2023,63.2,47.8,40,30.8,75.5,77.8,73.6,72.4,57.7,70.9,76.8,75,60
Mexico,2022,63.7,47.7,32,40.7,76,78.3,78,69.2,58.4,73,76.6,75,60
Mexico,2021,65.5,53.4,39.8,35.9,76.1,79.8,88.7,65.6,58.2,72.1,81.6,75,60
Micronesia,2025,62.2,70,56,86.6,92.1,0,99.7,54.9,72.5,75.1,75,35,30
Micronesia,2024,61,64.7,56.9,84.3,84.2,0,99.6,53,72.5,77.6,74.8,35,30
Micronesia,2023,62.6,57.7,84.7,62.4,91,0,99.5,52.5,82,81.5,74.8,35,30
Micronesia,2022,61,54.3,56.8,82.2,80.7,0,99.5,52.4,81.5,84.3,74.8,35,30
Micronesia,2021,50.4,16.5,25,23.3,88.2,0,99.3,56.2,74.4,82.1,74.8,35,30
Moldova,2025,58.3,40.2,43.4,31.3,92.8,59.5,75.9,66.2,49.1,59.4,77.2,55,50
Moldova,2024,57.1,39.2,39.1,30.4,93,61.3,75.7,61,47.7,56.3,76,55,50
Moldova,2023,58.5,37.9,29.8,35.6,93.4,64.4,82.1,60.2,46.6,71.2,75.6,55,50
Moldova,2022,61.3,55.9,34.7,30.7,94.1,68.1,87.2,64.2,46.4,72.4,76.6,55,50
Moldova,2021,62.5,60.6,38.7,29.9,94,71,96.5,66.2,39.2,71.5,76.8,55,50
Mongolia,2025,62.6,49.7,35.5,55.4,85.7,72.6,73.5,67.9,68.1,68.8,74.4,50,50
Mongolia,2024,60.6,48.8,34.8,55,84,62,64.3,68,67.5,67.9,74.4,50,50
Mongolia,2023,61.7,48.7,55.8,37.2,88.2,64.1,64.3,66.4,67.5,74.1,74.2,50,50
Mongolia,2022,63.9,48.8,37,57.1,89.2,68.2,81.9,66.5,67.5,76,74.4,50,50
Mongolia,2021,62.4,48.1,37.4,25.9,89.9,71.5,91.3,61.9,74.4,73.4,74.6,50,50
Montenegro,2025,63.8,58.8,48.9,50.1,88.7,45.2,87.9,70.9,64.4,70.9,79.6,50,50
Montenegro,2024,59.7,59,48.9,41.8,88.3,32.4,39.3,70.1,62.6,70.7,78.8,75,50
Montenegro,2023,60.9,59.7,41.2,47,88.2,31.7,48.1,67.3,61.6,81.8,79.2,75,50
Montenegro,2022,57.8,61.3,46.4,43,83.9,29.5,11.9,67.1,61.7,85.6,78.8,75,50
Montenegro,2021,63.4,57.8,51,56.2,83.6,35.3,37.2,73.5,78,83.4,79.4,75,50
Morocco,2025,60.3,58.6,36.9,32.7,71.4,67.9,46.2,68.9,48.5,74.7,67.2,75,75
Morocco,2024,56.8,57.6,33.9,32.9,68,68.2,29.9,68.5,48.6,71.1,67.4,65,70
Morocco,2023,58.4,57.1,32.8,38.7,67.9,72,41.3,65.3,47.6,78.3,64.4,65,70
Morocco,2022,59.2,57.8,41,32.7,68.2,69.8,46,64.8,46.4,80,68.6,65,70
Morocco,2021,63.3,67.5,39.9,51.2,68.3,73,68.5,72.3,33.2,80.3,70.6,65,70
Mozambique,2025,50.7,31.6,24.9,44.9,75.4,68.8,51.9,37.3,47.7,72.3,74,40,40
Mozambique,2024,50.7,31.1,25.4,44.5,74.1,69.2,47,36.3,47.7,71.9,70.6,40,50
Mozambique,2023,52.5,31.2,44.6,27.1,75.3,70.6,65.9,36.1,47.8,76.1,70.8,35,50
Mozambique,2022,51.3,31.9,26.3,44.1,72.2,70.3,52.7,36.7,47.4,78.8,70.6,35,50
Mozambique,2021,51.6,29.5,23.8,26.9,74.8,71.4,62.3,55.2,42,77.1,70.8,35,50
Namibia,2025,58.7,65,51.2,67.3,69.4,57.9,34.2,61.9,62.9,74.9,70,50,40
Namibia,2024,57.5,63.9,50.6,67.1,72.2,54.2,10.2,55.6,63.3,75.7,72,65,40
Namibia,2023,57.7,64,67.2,52.5,72,53,9.6,56,63.3,78.5,71.8,65,40
Namibia,2022,59.2,63.8,53.9,67.6,72.3,56.5,22.4,55.4,63.4,79,71.2,65,40
Namibia,2021,62.6,57.1,47.4,63.6,67.5,57.4,53.7,65.6,85.2,77.2,71.2,65,40
Nepal,2025,52.5,38.3,39.4,43.3,83.6,79.5,65.8,64.7,48.3,68.2,58.4,10,30
Nepal,2024,52.1,37.7,35.6,43.7,84.3,78.1,68.5,60.5,48.2,70,58.2,10,30
Nepal,2023,51.4,37.6,43.4,34,85,77.2,58.9,60.1,51.5,71.8,57.8,10,30
Nepal,2022,49.7,37.4,33.8,34.1,82.6,77.2,51.5,60.2,51.5,70,57.6,10,30
Nepal,2021,50.7,38.1,33.8,34.1,83.2,73.2,61.8,61.5,53.6,71.6,57.6,10,30
Netherlands,2025,78.2,95.9,86.8,95.7,54,41.6,94.7,84.8,60.1,74.7,79.6,90,80
Netherlands,2024,77.3,95.6,87.8,96.2,53.1,37.1,88.1,88.6,60.5,71.5,79.2,90,80
Netherlands,2023,78,95.6,96.6,91,51,37.9,90.8,84.4,59.3,80.2,78.6,90,80
Netherlands,2022,79.5,96.2,92.3,96.9,51.2,45.4,93.6,88.1,58.9,82.1,79.2,90,80
Netherlands,2021,76.8,88.9,90.6,72.8,51.7,47.7,95.3,80.5,60.1,80.4,84,90,80
New Zealand,2025,78.1,87.5,91.3,93.9,65.4,47.8,77.7,88.7,69.7,74.6,90.4,70,80
New Zealand,2024,77.8,87.4,95.9,93.2,65.5,46.3,72.4,88.3,70.3,74.6,89.8,70,80
New Zealand,2023,78.9,87.8,94.7,96.8,66.6,49.7,72.2,88.8,71.5,78.7,90.4,70,80
New Zealand,2022,80.6,88.2,97.5,95.9,70.8,53.5,88.3,81.3,70.5,81.8,90,70,80
New Zealand,2021,83.9,91.3,95.3,80.5,70.6,58.1,98.2,89.9,86.3,86.9,90.2,80,80
Nicaragua,2025,54,28.2,13.6,9.1,77.7,75.9,95.8,55.8,47.3,66.4,68.2,60,50
Nicaragua,2024,53.4,27.5,15.6,10.5,74.6,74.3,94.9,52.2,47.3,66.5,67.4,60,50
Nicaragua,2023,54.9,29.7,20.4,17.6,75.6,74.4,92,53.9,47,71.3,66.4,60,50
Nicaragua,2022,54.8,30.1,19,19.5,75.3,76.2,87.3,53.8,46.9,72,67.8,60,50
Nicaragua,2021,56.3,27.8,24.8,19,77.1,77.5,91.8,53.1,55,70.7,68.4,60,50
Niger,2025,51.5,29.6,31.8,37.1,77.9,87.3,34.4,33.8,54,72.6,64,55,40
Niger,2024,52.3,38.4,31.6,37.3,77.6,84.5,40.5,34,54,72.3,63,55,40
Niger,2023,53.7,36.8,37.2,32.1,77.7,84.3,55.9,34.5,54.1,73.2,63,55,40
Niger,2022,54.9,37.4,32.5,35.9,77.5,85.7,69,35.2,53.6,74.6,62.6,55,40
Niger,2021,57.3,38.8,31.8,45.7,77.1,87.1,76.2,52.5,47.4,75.3,61,55,40
Nigeria,2025,53.4,25.4,22.4,34.1,85.1,94.5,55.4,38.5,72.8,59.9,67.6,45,40
Nigeria,2024,53.1,24.5,21.7,34.5,84.8,94.7,44.2,42.9,73.7,63.2,67.6,45,40
Nigeria,2023,53.9,24,33.8,22.5,84.9,95.2,50,44.3,73.6,65,68,45,40
Nigeria,2022,54.4,22.1,22.7,33.8,84.8,95.3,58.1,41.2,73.6,67.5,68.6,45,40
Nigeria,2021,58.7,36.8,23.5,38.7,84.9,95.3,59.9,60,84.4,68,68.4,45,40
North Korea,2025,3,15.7,4,5.9,0,0,0,5,5,0,0,0,0
North Korea,2024,2.9,16,3.6,5.4,0,0,0,5,5,0,0,0,0
North Korea,2023,2.9,16.6,6.3,1.6,0,0,0,5,5,0,0,0,0
North Korea,2022,3,16.3,3.8,6.5,0,0,0,5,5,0,0,0,0
North Korea,2021,5.2,27.7,20.2,5,0,0,0,5,5,0,0,0,0
North Macedonia,2025,63.2,59.1,43.6,49.7,94.8,60.6,50.9,74.2,57.6,65,77.8,65,60
North Macedonia,2024,61.4,58.8,41.4,49.4,94.4,61.7,37.7,70,56.1,64.6,77.8,65,60
North Macedonia,2023,63.7,58.9,50.5,40.1,95,63.9,51.4,74.1,52.7,75,77.8,65,60
North Macedonia,2022,65.7,57.4,38.7,50.2,95,67.7,69.8,74.4,54.1,78.3,77.8,65,60
North Macedonia,2021,68.6,62.6,41.9,40.4,94.9,71,87.8,77.8,65.2,78.7,77.4,65,60
Norway,2025,78.3,97.7,94.8,98.5,62.4,44,96.1,86.7,69.3,70.3,85,75,60
Norway,2024,77.5,98.8,95.6,96.7,61.7,32.1,97.2,87.2,69.4,71.1,84.8,75,60
Norway,2023,76.9,98.9,97.2,96.2,57.4,18.7,96.2,95.2,69.2,74.4,84.6,75,60
Norway,2022,76.9,99.6,96,97.3,56.4,19.5,96.6,91.4,68.8,76.9,85.4,75,60
Norway,2021,73.4,82.4,95.8,86.3,57.1,25.3,96.6,85.5,57.8,75.4,84,75,60
Oman,2025,65.4,74.5,42.3,25.5,97.6,70.8,63.2,68.1,52.2,82.5,78.2,70,60
Oman,2024,62.9,72.7,42.2,24.2,97.6,59.4,73.8,65.5,53.3,80.3,76.2,60,50
Oman,2023,58.5,75.2,26.1,49.2,97.6,50.7,12.1,61.8,45.7,82.9,76.2,65,60
Oman,2022,56.6,74.9,53.3,27.1,97.7,32.8,6.9,58.1,45.7,84.7,73.4,65,60
Oman,2021,64.6,68.7,66,66.3,97.7,39.2,12.2,79.2,61,85.8,73.6,65,60
Pakistan,2025,49.1,29.2,28.4,28.9,78.3,88.9,8.1,51.5,51.8,54.5,69.8,60,40
Pakistan,2024,49.5,29.3,24.9,30.5,78.3,88.5,10.7,48.3,52.2,63.8,67.6,60,40
Pakistan,2023,49.4,29,29.6,26.8,78.3,88.9,11.4,45.9,51.6,65.8,65.8,60,40
Pakistan,2022,48.8,29,27.4,28.5,78,85.1,4.8,49.5,51.6,65.9,65.8,60,40
Pakistan,2021,51.7,44.9,31.2,40.7,73.8,86,7.4,60.5,41.2,69.7,64.6,60,40
Panama,2025,65.5,56,37,49.4,86.9,85.2,62.4,73.4,60.7,76.4,78.6,60,60
Panama,2024,64.1,56.9,37.2,51.2,85.9,82.6,21.1,73.6,61.6,75.1,78.4,75,70
Panama,2023,63.8,56.8,51.5,38.7,85.6,81.1,19.1,71.1,61,77.3,78.5,75,70
Panama,2022,65.4,58.8,38,50.7,85.5,81.9,40.7,67.1,61.5,78.1,77.2,75,70
Panama,2021,66.2,54.5,39.4,28.1,85.2,85.2,82.8,72.9,43.7,80.5,77.2,75,70
Papua New Guinea,2025,52.5,44.7,28.5,44.2,72.1,85.5,46.7,35.5,64.6,73.6,79.8,25,30
Papua New Guinea,2024,49.4,42.9,28.7,43.6,71.9,84.8,17.2,34.9,64.9,70.8,77.8,25,30
Papua New Guinea,2023,51.7,43.6,44.1,32,72,86,26.4,46.7,65.2,71.5,77.7,25,30
Papua New Guinea,2022,54.6,42.7,26.2,44.2,72,86,64.1,47.9,65.1,71.4,80.4,25,30
Papua New Guinea,2021,58.9,46.1,32.7,50.8,71.5,88,82,57.4,70.2,72.1,80.4,25,30
Paraguay,2025,65.2,45,27.7,37.3,97,87.1,79.3,73.2,48.2,74.6,78.2,75,60
Paraguay,2024,60.1,45,27.3,37.2,96,81.6,46.4,69,39.8,67.3,77.2,75,60
Paraguay,2023,61,46.8,37.9,30.1,96.2,81.7,45.4,69.5,39.5,72.6,77.2,75,60
Paraguay,2022,62.9,45.5,29.5,37.9,96.1,84,68.8,65.4,39.4,75.6,77,75,60
Paraguay,2021,62.6,41.6,32.2,26,96.2,86.7,91.6,59.6,31.8,73.8,76.4,75,60
Peru,2025,65.9,44.9,34,47.3,79.4,83.9,89.8,70.6,65.1,73.9,81.6,60,60
Peru,2024,64.8,44.9,36.3,48.2,79.1,81.8,67.8,69.5,59.3,74,81.4,75,60
Peru,2023,66.5,51.4,48.2,38.5,80,83.3,70.8,72.8,58.3,78.5,81.2,75,60
Peru,2022,66.5,49.7,39.7,49.7,79.5,84.2,73.1,65.3,59.6,81.4,81.4,75,60
Peru,2021,67.7,53.3,36.3,28.2,79.4,86.4,91.5,66.2,63.2,86.1,86.4,75,60
Poland,2025,67.1,72.3,58.4,52.3,73.8,39.7,75.9,77.8,56.8,68.5,79.6,80,70
Poland,2024,66,72,58.3,52.2,72.6,38.5,67.4,74.6,58,68.9,79.2,80,70
Poland,2023,67.7,72.7,52.7,60.2,73.2,40,78.1,74.8,55.4,76.7,78.6,80,70
Poland,2022,68.7,72.3,60.6,54.7,73.6,41.9,78.3,78.7,55.7,79.1,79.2,80,70
Poland,2021,69.7,63.3,65,48.9,73.9,48.1,94.6,61.6,66.1,80.8,84,80,70
Portugal,2025,70.5,90.1,63.9,91.3,59.8,40.2,79.7,79.6,57.1,75.1,79.6,70,60
Portugal,2024,68.7,89.4,65.5,90.6,59.8,33,65.2,79.3,57.6,75,79.2,70,60
Portugal,2023,69.5,89.9,90.7,67,60.5,34.7,67,76.2,55.1,84.8,78.6,70,60
Portugal,2022,70.8,89.9,67.8,92.1,60.4,39.5,72.8,76.2,55.5,86.8,79.2,70,60
Portugal,2021,67.5,74.1,68.2,68.5,60,42.4,78.2,75.9,44.1,85,84,70,60
Qatar,2025,70.2,71.1,52.6,42.3,99.9,78.1,96.2,67.9,59.3,73.2,81.6,60,60
Qatar,2024,68.8,70.4,51.7,41.5,99.7,74,96.4,66.1,52.5,72.2,81.6,60,60
Qatar,2023,68.6,71.2,39.8,58.3,99.7,68.9,93.2,62.4,52.6,75.6,81.6,60,60
Qatar,2022,67.7,68.6,60,38.8,97.8,69.3,89.7,58.6,51.9,76,81.4,60,60
Qatar,2021,72,68.3,54,58,97.9,69.2,94.5,74,65.9,80.7,81.4,60,60
Republic of Congo,2025,48.6,30.8,13.2,14.9,75.5,86.2,80.4,36.9,52.5,77.7,49.6,35,30
Republic of Congo,2024,47.8,30,12.7,13.8,75.5,86,82.9,35.9,42.3,79.8,49.6,35,30
Republic of Congo,2023,48.1,30,14.5,13,75.5,84.7,80,32.4,43.6,81.8,56.4,35,30
Republic of Congo,2022,48.5,30.4,13.4,14.9,82.4,86,80,29.5,43.3,80.5,56.4,35,30
Republic of Congo,2021,50.7,32.2,23.5,25.7,80.4,84,81.8,36.6,36.6,86.5,56.4,35,30
Romania,2025,66.5,81.7,49.1,67,93.7,59.1,36.1,75.1,67.8,69.2,79.6,70,50
Romania,2024,64.4,81,47.6,65.8,93.9,58,14.9,74.6,68.2,69.3,79.2,70,50
Romania,2023,64.5,81,64.9,47.2,94.4,59.7,14.7,71.3,65.1,76.8,78.6,70,50
Romania,2022,67.1,81,45.4,64.8,94.3,63.9,42.8,71.4,64.1,78.8,79.2,70,50
Romania,2021,69.5,68.8,54.6,63.1,94.3,69.2,78.9,59.7,63.6,77.7,84,70,50
Russia,2025,51.6,18.6,23,28.4,87.7,62,97.8,51.3,59,62.2,69.4,30,30
Russia,2024,52,20.9,25.9,32.1,89.8,59.7,95.6,54.4,57.4,58.9,69.4,30,30
Russia,2023,53.8,30.6,32.9,28,88.3,60.4,99.1,54.8,57.7,64.9,69.4,30,30
Russia,2022,56.1,36.8,29.7,34.7,93.1,62.6,99.3,62.5,57.3,68,69,30,30
Russia,2021,61.5,54.4,41.7,42.4,93,66.1,99.6,84.1,55.4,67.3,74,30,30
Rwanda,2025,54.8,62,50.5,27.1,81.3,73.8,35,56.8,48.7,67.3,55.2,60,40
Rwanda,2024,51.6,62,51.5,26.9,79.1,70.1,12.5,53.6,39.5,69.8,53.8,60,40
Rwanda,2023,52.2,61.1,27.3,52.7,78.9,71.1,11.1,51.8,42.8,79.7,50,60,40
Rwanda,2022,57.1,61.1,54.7,26.6,79.1,76.3,61.6,50.7,42.6,74.4,58.2,60,40
Rwanda,2021,68.3,68.7,59.1,75.2,79.5,78.5,78,62.3,77.4,80.2,61.2,60,40
Saint Lucia,2025,67,69.5,59,74.6,78.6,82.5,74.3,73.8,64.9,76.6,60,50,40
Saint Lucia,2024,62.2,67.2,58.4,74.4,77.3,76.8,28.8,69.5,57.9,75.9,60,60,40
Saint Lucia,2023,60.7,68.6,77.3,58.9,77.8,73.4,3,69.6,57.3,80.9,56.6,65,40
Saint Lucia,2022,64.3,66.8,58.1,76.9,77.5,78.7,50.1,61.5,58.2,82.2,56.6,65,40
Saint Lucia,2021,67.5,61.5,44.6,66.3,76.9,83.2,86.2,75.7,66.5,83.5,60.6,65,40
Saint Vincent and the Grenadines,2025,60.1,69,61.7,77.8,74.9,58.9,4.8,69.4,59.7,76.5,59,70,40
Saint Vincent and the Grenadines,2024,59.8,66.7,62.3,77.3,76.3,61.1,4.5,65.4,59.6,77,57.8,70,40
Saint Vincent and the Grenadines,2023,63.5,67.1,77.3,62.8,75.5,65.7,43.2,61.8,58.5,82.9,57.6,70,40
Saint Vincent and the Grenadines,2022,65.7,64,62,76.9,75.5,66.9,68.5,61.4,58.8,84.2,59.8,70,40
Saint Vincent and the Grenadines,2021,66.3,48.1,48.7,66.3,74.9,71.6,87.6,74.2,74,82.6,57.8,70,40
Samoa,2025,66.6,76.1,60.3,77.7,79,67.3,97.8,63.5,76.2,64.6,67.2,40,30
Samoa,2024,67.2,73.2,56,78.3,79,67.8,96.2,63.9,71.4,73.6,67.2,50,30
Samoa,2023,68.3,76.3,79.7,58.6,79.2,68.6,95.7,62,71.3,79.9,67.8,50,30
Samoa,2022,68.3,78.4,53.7,78.4,78.6,68.5,95.6,61.5,71.6,81.4,66.4,55,30
Samoa,2021,61.9,48.5,32.7,28.2,78.9,71.1,95.2,75.5,80.8,80,66.4,55,30
São Tomé and Príncipe,2025,60.4,53,47.7,60.6,88.6,81.5,93.6,52.8,45.2,57.2,65,50,30
São Tomé and Príncipe,2024,60.5,51.6,46.6,61.4,88,80.5,87.8,52.5,41.5,60.6,65,60,30
São Tomé and Príncipe,2023,61.5,52.1,61.8,47.6,88,83,89.5,52.6,41.7,66.5,65,60,30
São Tomé and Príncipe,2022,60.3,44.1,48.7,62.2,88.2,83.1,85.9,49,41.6,65.9,65,60,30
São Tomé and Príncipe,2021,55.9,36.8,39.5,23.3,88.4,79.7,74.6,62.8,43.2,67,65.2,60,30
Saudi Arabia,2025,64.4,51,48.1,38.1,99.3,71.6,98.1,70.6,43.1,80.1,72.8,50,50
Saudi Arabia,2024,61.9,47.6,43.9,37,99.1,67.2,79.5,69.9,44.4,79.6,74.2,50,50
Saudi Arabia,2023,58.3,47.3,34.4,49.6,99.4,60.3,41.3,71.8,42.5,78.9,74.2,50,50
Saudi Arabia,2022,55.5,46.7,50.7,35.8,99.3,57.3,17.9,68.1,41.2,79,74.8,45,50
Saudi Arabia,2021,66,68.7,53.2,76.7,99.1,62.9,31,83.5,63.3,82.3,75.8,45,50
Senegal,2025,56.4,57.2,45.2,50.3,69.4,79.7,30.5,54.3,54.3,68.8,67.2,60,40
Senegal,2024,55.4,55.5,45.6,50.5,69,79.2,21.7,54,54.5,68,66.2,60,40
Senegal,2023,57.7,56.6,49.8,46.2,69.8,80.5,40.6,53.5,54,75.7,65.4,60,40
Senegal,2022,60,58,47.8,49.8,72.3,82.1,56.7,57.9,53.9,76.1,65.8,60,40
Senegal,2021,58,50.3,43.6,37.8,72.4,84.2,72.2,53.5,36.6,79,66.4,60,40
Serbia,2025,64.4,58.9,37.2,50.8,87.3,40.2,91.2,74.7,66.6,68.5,77.2,70,50
Serbia,2024,62.7,58.6,36.8,50.4,87.1,36.3,73.9,74,67.8,70.9,76.6,70,50
Serbia,2023,63.5,58.7,50,37.8,87.9,37.6,73.5,74.3,68.1,78.6,76,70,50
Serbia,2022,65.2,58.8,37.9,50.4,90.9,42.5,85.7,74.4,62.9,81.6,77,70,50
Serbia,2021,67.2,57.9,45,50.6,92.5,49.6,94.6,71,67.3,81.1,77.2,70,50
Seychelles,2025,66.4,74,75,63.7,79.7,64.6,83.2,78.8,56.5,75.6,85.2,30,30
Seychelles,2024,60.4,72,72.1,65.2,79.1,54.6,12.4,76.9,50.8,77,80.2,55,30
Seychelles,2023,59.5,79.7,63.6,71.5,75.1,47.8,9.4,65.9,62.3,73.3,80.6,55,30
Seychelles,2022,61.1,78.8,65.2,62.4,76.4,42.5,36.7,61.2,61.7,82.1,81.2,55,30
Seychelles,2021,66.3,65.3,64.4,51.6,76.9,60.9,93.2,67.5,71.3,80.3,79,55,30
Sierra Leone,2025,48,33.8,36,41.5,87.8,89,53.8,37,23.7,50.2,63.6,40,20
Sierra Leone,2024,44.6,33.6,34.9,42,87.4,76.6,1.7,31.7,23.7,60.2,63.6,60,20
Sierra Leone,2023,50.2,34.4,42.8,34.4,87.2,81.1,40.8,34.6,38.3,67.6,61.5,60,20
Sierra Leone,2022,52,43.1,32.4,41.9,86.7,84.9,54,34.4,38.2,65.1,63.6,60,20
Sierra Leone,2021,51.7,42.3,30.5,45.7,86.7,85.9,39.7,49.6,30.1,65.1,64.6,60,20
Singapore,2025,84.1,94.3,86.4,58.3,89.9,92.9,73.9,90.6,77.1,81,95,90,80
Singapore,2024,83.5,94.2,88.3,58.3,90.7,89.2,76,86.9,77.3,76.3,95,90,80
Singapore,2023,83.9,94,58.3,91.2,90.6,89,78,86.9,77.3,81.9,95,85,80
Singapore,2022,84.4,94.4,92.8,58.3,90.5,90.1,79.6,83.1,77,86.5,95,85,80
Singapore,2021,89.7,97.5,93.2,90.8,90.5,94.1,80,93.8,91.5,85.4,95,85,80
Slovakia,2025,68.4,84.3,57.2,69.9,76.7,38.7,69.8,77,58,64.5,79.6,75,70
Slovakia,2024,68.1,84.5,55.8,70.6,76.5,41.4,64.2,76.3,58.1,66.1,79.2,75,70
Slovakia,2023,69,84.2,70.6,56.8,77.3,41.2,62.4,72.2,64.7,74.8,78.6,75,70
Slovakia,2022,69.7,83.2,53.7,71.9,77.3,41.8,76,75.9,56.5,75.5,79.2,75,70
Slovakia,2021,66.3,71.5,48.8,44.4,78.4,47,93.4,55.6,52.2,74.8,84,75,70
Slovenia,2025,68.3,88.4,64.4,91.8,56.6,30.9,72.2,78.5,64.5,72.9,79.6,70,50
Slovenia,2024,65.9,88.2,60.6,91.9,57.4,27.1,47.4,79.1,65.4,74.1,79.2,70,50
Slovenia,2023,68.5,88.6,83.3,64.6,62.6,31.5,60.4,75.9,74.4,82.4,78.6,70,50
Slovenia,2022,70.5,89.7,66.7,91.6,57.2,36.4,77.4,79.7,63.3,85.1,79.2,70,50
Slovenia,2021,68.3,77.3,68.2,56.3,58.2,42.5,91.1,78.8,61.5,81.9,84,70,50
Solomon Islands,2025,56.3,48.2,42,61.9,70.6,70.2,95.3,50.1,60.5,76.2,55.4,15,30
Solomon Islands,2024,55,44.7,41.7,60.1,71.5,67.7,81.1,45.7,60.5,77.4,65.2,15,30
Solomon Islands,2023,56.9,52.5,60.8,44.8,71.5,62.4,86.9,45,60.9,83.8,68.6,15,30
Solomon Islands,2022,56.5,50.6,42.3,59.5,70.5,60.1,98,44.4,60.2,79,68.6,15,30
Solomon Islands,2021,56.5,46.1,35.2,55.9,66.3,55.3,92.2,58.9,73.8,80.6,68.6,15,30
Somalia,2025,N/A,0,8.2,1.6,N/A,N/A,N/A,N/A,N/A,N/A,N/A,N/A,N/A
Somalia,2024,N/A,N/A,N/A,N/A,N/A,N/A,N/A,N/A,N/A,N/A,N/A,N/A,N/A
Somalia,2023,N/A,0.3,1.7,5.5,N/A,N/A,N/A,26.1,26.5,N/A,N/A,N/A,N/A
Somalia,2022,N/A,N/A,N/A,N/A,N/A,N/A,N/A,N/A,N/A,N/A,N/A,N/A,N/A
Somalia,2021,N/A,27.8,11.5,23.3,N/A,N/A,N/A,31.2,N/A,N/A,N/A,N/A,N/A
South Africa,2025,57.3,44.3,45.1,57.7,67.9,68.6,45.8,64,71,74.5,68.4,40,40
South Africa,2024,55.3,44.7,48,58.3,65.2,66.9,19.7,61.4,72.1,74.5,72.4,40,40
South Africa,2023,55.7,42.5,59.1,48,65.6,67.3,5.9,64.5,71.6,77,72.4,45,50
South Africa,2022,56.2,43.2,48.4,61.3,63.4,68.1,8.1,65.7,71.1,78,72.2,45,50
South Africa,2021,59.7,59.6,50.6,57.1,63.9,65.9,53.4,61.5,59.4,76.8,72.6,45,50
South Korea,2025,74,89.4,68.8,77.3,59.6,81.8,93.8,90,56.4,77.6,73.2,60,60
South Korea,2024,73.1,88.3,69.2,76.9,59,78.9,91.6,85,57.2,77.3,73.4,60,60
South Korea,2023,73.7,88.5,76.8,68.7,60.1,82,94.1,84.8,56.2,81.4,72.2,60,60
South Korea,2022,74.6,90.5,69.2,77.1,60.4,84.5,95.3,84.8,55.6,85.2,73,60,60
South Korea,2021,74,80.7,68.9,63.4,63,86.9,96.7,89.5,55.8,84.4,79,60,60
Spain,2025,66.3,87.2,64.7,74,57.7,33.5,40.8,83.6,63.1,76.5,84.6,70,60
Spain,2024,63.3,87.2,64,73.6,57,26,0,79.7,63.6,74.1,84.2,80,70
Spain,2023,65,87.2,73.1,66.9,58.2,30.2,7.4,75.2,62.1,80.6,83.6,85,70
Spain,2022,68.2,87.7,67.2,74.3,59.7,38.3,29.7,75.2,61.8,85.4,84.2,85,70
Spain,2021,69.9,76.4,70.3,65.4,61.7,48.1,69.8,66.3,57.9,83.5,84,85,70
Sri Lanka,2025,49.4,51.3,37.4,47.4,77.5,88.8,0,55.8,54.6,54.5,65,30,30
Sri Lanka,2024,49.2,51.8,36.9,49.4,77.5,88.2,0,53.4,55.1,49.2,69.2,30,30
Sri Lanka,2023,52.2,51.6,49.7,39.5,90.3,88,0,54.4,55.8,70.2,67.2,30,30
Sri Lanka,2022,53.3,51.7,40.1,57.7,90.3,87.4,0,58.3,55.7,71.6,47,40,40
Sri Lanka,2021,55.7,45.4,39.5,46.8,85,88.4,30.1,75.2,59.1,71.6,47,40,40
Sudan,2025,35.3,12,15.6,4,84.7,95.7,73.5,28.5,39.2,16.3,29.6,5,20
Sudan,2024,33.9,12.5,19.5,4.8,85,95.1,66.5,27.7,41.8,0,29.6,5,20
Sudan,2023,32.8,22.6,5.9,15.7,85.2,94.9,28.5,25.4,42,0,48,5,20
Sudan,2022,32,22.2,14.6,13.2,84.9,92.9,0,25,44.8,13.7,48,5,20
Sudan,2021,39.1,32.6,20.2,19.7,84.9,91.9,0,50.8,60.4,39.2,45,5,20
Suriname,2025,50.9,42.1,39.7,43.1,69.1,74,66.1,57.6,69,44.1,65.4,20,20
Suriname,2024,46.7,41.9,38.1,45.4,70.8,69.8,0,53.3,63.4,44.1,64.2,40,30
Suriname,2023,46.1,41.9,46.2,38.6,70.8,61.4,0,52.8,64.4,46,60.6,40,30
Suriname,2022,48.1,51.2,37.6,45.8,70.2,66.6,0,52.7,64.2,58.4,60.6,40,30
Suriname,2021,46.4,45.5,38.5,15.4,70,68.2,7.8,45.8,61.9,73.7,60.2,40,30
Sweden,2025,77.9,96.5,92.3,95.6,51.6,31.5,97.3,84.6,66.1,74.3,79.6,85,80
Sweden,2024,77.5,96.2,93.2,95.4,50.6,28.5,97.1,84.9,65.9,74.4,79.2,85,80
Sweden,2023,77.5,96.6,95.6,95.7,45.1,26.2,96.2,84.6,65.9,80.9,78.6,85,80
Sweden,2022,77.9,97.3,95.7,97.1,44.9,26.4,95.8,84.6,65.4,83.6,79.2,85,80
Sweden,2021,74.7,86.6,92.5,79.1,43.6,29.5,97.6,83.2,53.9,81.5,84,85,80
Switzerland,2025,83.7,94.5,92.3,99.3,70.9,68,97.6,88.8,60.5,80.7,86.6,85,80
Switzerland,2024,83,94.2,91.3,98.1,70.4,64.6,95.7,89.3,60.7,80.8,86.4,85,80
Switzerland,2023,83.8,94.2,97.8,92.3,70.6,63.9,95.4,84.3,60.5,85.1,86.6,85,90
Switzerland,2022,84.2,95.2,92.3,98,70.1,67.2,96.3,84.3,60,84.9,86.6,85,90
Switzerland,2021,81.9,85.4,87.9,82.2,70.4,67.6,96.9,73.6,72.5,85.4,86,85,90
Syria,2025,N/A,2.6,3.3,3.7,N/A,N/A,N/A,N/A,N/A,N/A,N/A,N/A,N/A
Syria,2024,N/A,N/A,N/A,N/A,N/A,N/A,N/A,N/A,N/A,N/A,N/A,N/A,N/A
Syria,2023,N/A,3,4.4,6.5,N/A,N/A,N/A,35,46.5,N/A,N/A,N/A,N/A
Syria,2022,N/A,N/A,N/A,N/A,N/A,N/A,N/A,N/A,N/A,N/A,N/A,N/A,N/A
Syria,2021,N/A,42.5,25.9,19.7,N/A,N/A,N/A,49.7,57.8,60.6,47,0,N/A
Taiwan,2025,79.7,83,73.3,94.4,79,90.1,91.3,79.6,69,79.9,86.6,70,60
Taiwan,2024,80,82.2,73.4,94,79.2,90.5,90.3,84.9,69.1,80.1,86.4,70,60
Taiwan,2023,80.7,81.9,94.7,76.3,79.3,91.1,93.6,84.3,69.1,82.5,85.8,70,60
Taiwan,2022,80.1,81.3,73.8,94.2,79.2,90.7,86.6,84.3,68.7,86.1,86,70,60
Taiwan,2021,78.6,87.3,74.5,72.9,79.2,91,93.7,93.4,60.4,84.3,86,60,60
Tajikistan,2025,51.5,28.8,15.7,11.2,92.3,75,97.3,56.2,43.6,71,72.2,25,30
Tajikistan,2024,51.3,29.4,17.3,12.4,92.6,76.1,93,56.2,43.7,67.8,72.2,25,30
Tajikistan,2023,50.6,29.2,11.7,17.7,92,75.2,87.2,56.8,43.6,66.3,72.2,25,30
Tajikistan,2022,49.7,29.5,17.8,9.1,95.3,72.4,80,56.9,43.1,67.1,69.6,25,30
Tajikistan,2021,55.2,41.6,35.2,48.8,91.9,68.6,75.1,62.3,46.2,68.5,69.6,25,30
Tanzania,2025,59.3,46.7,39.8,30.4,80.4,89.4,74.3,48.9,62.1,72.5,61.8,55,50
Tanzania,2024,59.1,45.4,36.8,28.8,80.6,90.7,79.9,47.4,62.2,72.2,60.6,55,50
Tanzania,2023,60,44.8,28.3,37.4,80.6,91.3,86.5,50.1,62.4,73,60.6,55,50
Tanzania,2022,59.5,36.9,36.9,27,80.6,91.9,93.3,46.3,62,73.8,59.8,55,50
Tanzania,2021,61.3,41.3,34.5,40.2,80.7,91.8,90.8,45.7,67.7,72.9,64.4,55,50
Thailand,2025,60.6,45.1,38.4,34.6,81.3,81.7,61.3,70.9,56.4,70.2,72.4,55,60
Thailand,2024,59,45,38.1,35.2,81.1,80.3,46.8,70.3,56.3,66.7,72.8,55,60
Thailand,2023,60.6,44.2,35.1,37.7,81,81.5,65.2,66.6,56.6,73.4,70.8,55,60
Thailand,2022,63.2,44.2,38.5,36.2,81.3,84.4,89.8,63.4,59.6,74.2,71.6,55,60
Thailand,2021,69.7,60,45.1,48.1,81.5,86,96.4,85.3,64.3,74.4,80,55,60
The Bahamas,2025,63.2,61.8,66.2,78.6,97.2,77.2,6.7,70,68.8,72.9,49,50,60
The Bahamas,2024,62.5,60.9,65.5,78.4,96.5,76.1,4.2,67.2,70.2,71.7,49.6,50,60
The Bahamas,2023,62.6,60.5,78.3,65.7,96.5,79.3,0,67,68.6,75.7,49.6,50,60
The Bahamas,2022,68.7,61.1,64.3,78.8,96.5,85.8,67.3,63.3,69.3,79.2,49,50,60
The Bahamas,2021,64.6,48.1,47.5,45.7,97.1,87.6,72.7,70.4,70,77,49,50,60
The Gambia,2025,56.8,55,39.5,45.2,79.3,84.8,56.9,50.6,48,55.7,66.8,50,50
The Gambia,2024,58.2,55.3,36.2,45.4,79.3,84.3,62.5,49,47.6,60,64.4,65,50
The Gambia,2023,57.9,47.2,36.4,36.9,79.3,83.5,70.4,50.5,47.4,63.3,64.4,65,50
The Gambia,2022,58,47.6,38.1,37.2,79.3,84.1,68.9,50.5,47.3,64.1,63.8,65,50
The Gambia,2021,58.8,41.8,35.2,44.3,76.9,84.1,54.5,56,67.4,63.2,66.6,65,50
The Philippines,2025,60.6,47.4,35.3,42.5,79.1,79.9,47.7,69.1,57.7,69.8,79.2,60,60
The Philippines,2024,59,46.1,33.8,42.2,78.2,79.2,40.5,69.7,57.8,65.8,74.4,60,60
The Philippines,2023,59.3,46.4,25.8,34.4,78.3,81.3,59.4,66.1,57.5,68.3,74.4,60,60
The Philippines,2022,61.1,47.1,34.7,25.6,76.8,84.2,81.8,61.5,58,69.4,73.8,60,60
The Philippines,2021,64.1,57,40.6,34.5,76.8,87.4,94.3,58.2,57.7,68.7,74.2,60,60
Timor-Leste,2025,47.9,41.5,44.1,36.2,97.3,0,19.8,65.6,57.2,67.5,80,45,20
Timor-Leste,2024,50.2,39.9,44.3,36.2,97.9,29.5,19.9,63.8,56.4,70,80,45,20
Timor-Leste,2023,47.2,38.2,36.3,40.1,97.5,0,19.8,58.4,56.5,74.6,79.9,45,20
Timor-Leste,2022,46.3,30.8,38.2,35.3,97.6,0,19.7,57.9,56.2,79.5,75,45,20
Timor-Leste,2021,44.7,37.2,37.4,15.1,91.7,0,20,62.2,53.4,79.7,75,45,20
Togo,2025,52.3,37,31.6,37.1,70.5,81.6,21.7,59.9,51.9,69.8,66.8,60,40
Togo,2024,50.9,36.6,27.5,37,69.6,83,19.9,51.2,51.9,69.1,65,60,40
Togo,2023,55.3,35.8,36.8,30.1,70.2,87.1,69.4,51.2,51.9,73.4,67.2,60,30
Togo,2022,57.2,36.8,28.8,35.1,68.7,88.9,88.8,51.5,54.5,77.3,65.6,60,30
Togo,2021,57.5,44.5,32.2,28.2,68,84.8,89.9,60.6,47.1,79.7,65.4,60,30
Tonga,2025,58.5,67.9,45.8,65.7,84.9,28.9,96.3,59.5,56.6,61,75.4,40,20
Tonga,2024,59.2,63,44.9,68.8,85.4,40.1,95.9,59.7,56.4,64.4,71.8,40,20
Tonga,2023,60,64.6,68.8,43.2,85.4,46.5,95.5,55.7,56.1,72.7,71.9,40,20
Tonga,2022,60.8,64.2,40.5,68.1,85.4,54.6,96.5,58.7,55.8,71.9,73.4,40,20
Tonga,2021,57.5,48.1,44.6,23.3,84.8,53.7,95.4,70,69.9,66.4,73.4,40,20
Trinidad and Tobago,2025,63.6,58.3,44.7,58.5,79.5,74.5,80.9,72.6,60.4,76.3,67.6,50,40
Trinidad and Tobago,2024,60.4,58.1,44.8,59.8,79.9,69.6,21.1,76,60.4,76.7,68.6,60,50
Trinidad and Tobago,2023,59.5,58.1,59.9,45.2,80.3,68.5,12.7,64.5,64.8,83,66.9,60,50
Trinidad and Tobago,2022,58.8,58.8,44.2,59.3,79.1,69,12.9,60.9,57.4,84.6,68.8,60,50
Trinidad and Tobago,2021,59,52.4,36.4,46.9,79.5,70.9,15.8,66.5,76.8,83.4,68.8,60,50
Tunisia,2025,49.1,59.3,41.3,39.7,79.4,63.1,6.4,56.8,56,71.3,56.2,30,30
Tunisia,2024,48.8,60.8,42.4,40.5,74.9,64.7,7.3,52.9,55.9,72.7,53.2,30,30
Tunisia,2023,52.9,61.8,49,46.7,73.7,68.4,13.7,54.4,55.8,74.8,66.3,40,30
Tunisia,2022,54.2,60.9,47.3,49.5,75.2,67,20.8,57.7,56,74.4,66.2,45,30
Tunisia,2021,56.6,53.9,42,41.9,71.7,71.1,53,80.7,49.7,73.6,66.8,45,30
Türkiye,2025,56.1,40.6,34.3,23.8,72.2,71.9,82.3,58.5,48.4,37.9,72.8,70,60
Türkiye,2024,56.2,40.6,35,24.4,72.5,71,77.5,59.2,54.6,38.5,70.8,70,60
Türkiye,2023,56.9,40.8,24.2,37.1,73,66.1,63,59.7,54.9,58.6,75.8,70,60
Türkiye,2022,56.9,42,39.4,25.6,74.7,63.8,59.2,63.4,47.1,61.9,75.6,70,60
Türkiye,2021,64,61.5,45.4,58.6,73.2,64.5,75.8,68.5,48.8,65.4,76,70,60
Turkmenistan,2025,47.1,17.7,7.3,8.2,94.2,96.7,100,37.4,33.9,75.1,74.2,10,10
Turkmenistan,2024,46.3,18.1,7.8,10,94.3,96.7,99.9,37.3,30.3,67.4,74.2,10,10
Turkmenistan,2023,46.5,19.1,9.7,8.1,94.3,96.2,99.8,37.3,31.4,67.8,74.2,10,10
Turkmenistan,2022,46.2,19,7.4,8.3,92.6,94.5,98,37.5,30.7,72.7,74.2,10,10
Turkmenistan,2021,47.4,27.7,22,20,92.6,93.2,96.3,30,20,72.8,74.2,10,10
Uganda,2025,51.3,47.4,24.1,29.2,73.6,87.7,35.5,50.3,54.8,75.1,57.4,40,40
Uganda,2024,50.7,47.3,23.9,29.2,73.5,86.8,18.3,49,54.9,75.1,55.8,55,40
Uganda,2023,51.4,47.7,29.2,24.3,73.5,87.4,23.3,46.1,54.7,80.3,55.4,55,40
Uganda,2022,54.2,48.3,24,29.2,73.6,89.8,53.5,46.5,54.7,78.2,57.8,55,40
Uganda,2021,58.6,44.8,25,36.5,73.2,91.6,63.2,44.9,83.2,78.9,67.4,55,40
Ukraine,2025,N/A,21.5,35.4,29.9,N/A,N/A,N/A,N/A,N/A,N/A,73.2,N/A,N/A
Ukraine,2024,N/A,23,32.5,30.4,N/A,N/A,N/A,N/A,N/A,N/A,73.2,N/A,N/A
Ukraine,2023,N/A,N/A,N/A,N/A,N/A,N/A,N/A,N/A,NaN,N/A,N/A,N/A,N/A
Ukraine,2022,54.1,39.7,33.8,31.4,89.1,44.5,73.6,61.1,60.7,71.2,78.6,35,30
Ukraine,2021,56.2,48.5,37.9,41.1,88.7,48.2,87.7,63.5,48.7,65.8,79.2,35,30
United Arab Emirates,2025,71.6,65.4,65.9,35.2,96.9,82.3,97.9,84.2,62.1,80.5,78.4,50,60
United Arab Emirates,2024,71.1,64.8,64.9,35.2,100,78.4,98.1,80.2,65.3,78.3,78,50,60
United Arab Emirates,2023,70.9,65.4,34.5,68.8,100,71.6,96.4,77,64.5,84.3,78,50,60
United Arab Emirates,2022,70.2,63.5,71.8,35.4,100,71.5,92.8,73.2,64.9,80.8,78.2,50,60
United Arab Emirates,2021,76.9,80.8,66,81.1,100,73,98.5,80,81.6,80.6,81.4,40,60
United Kingdom,2025,69.3,95.2,83.4,84.8,61,40.1,19,83.4,63.2,67.9,83.4,70,80
United Kingdom,2024,68.6,94.6,84.1,84.3,62.3,34.3,0,82.7,63.2,73.6,83.6,80,80
United Kingdom,2023,69.9,95.1,84.8,86.4,65.4,41.9,1.8,79.1,62.2,80.8,81.8,80,80
United Kingdom,2022,72.7,96.2,87.1,85.9,65.4,46.3,22.6,79.1,62.1,83,84.2,80,80
United Kingdom,2021,78.4,87.6,86.5,76.7,64.9,54.8,77.3,94.4,73.2,81,84,80,80
United States,2025,70.2,95.4,77.3,76.6,75.6,55.8,0,88.5,77,70.7,75.6,70,80
United States,2024,70.1,95.1,76.4,74.8,74.8,48.7,0,84.8,77.7,73.8,75.6,80,80
United States,2023,70.6,94.7,76.1,73.4,75.4,49.3,0,83.8,76.3,78,75.4,85,80
United States,2022,72.1,95.7,75.7,77.9,75.9,54.5,0,87.5,75.8,82.3,75.2,85,80
United States,2021,74.8,79.7,76.8,72.4,76,62.2,34.9,82.5,87.1,81.1,80.4,85,80
Uruguay,2025,70.2,86,77.5,81.8,77.3,72.3,79.6,84,61.8,68.5,73,50,30
Uruguay,2024,69.8,84.8,78.1,81.1,73.8,71.6,75.9,83.9,61,66.2,71.2,60,30
Uruguay,2023,70.2,84.3,80.6,77.3,73.7,70.1,73.3,80.1,60.8,71.8,70.8,70,30
Uruguay,2022,70,84,75.2,80.4,72.4,70.2,75.2,75.7,60.3,70.9,70.4,75,30
Uruguay,2021,69.3,68.1,75.7,66.8,72.6,66.9,80.5,72.3,70.5,72.5,70.8,85,30
Uzbekistan,2025,58,33.5,31.2,14.5,92.8,73.6,73.3,64.4,47.9,64.6,80.6,60,60
Uzbekistan,2024,55.9,32.9,29.1,15.3,92.8,70.4,72.1,61,48.2,63.6,75.6,60,50
Uzbekistan,2023,56.5,30.9,13,24.9,92.8,74.9,85.3,58.9,48.1,63.4,76,60,50
Uzbekistan,2022,55.7,31.6,23.8,13.1,90.8,78.1,96.6,59.1,48,61.6,75.6,50,40
Uzbekistan,2021,58.3,57.8,30.5,50.8,92.4,79.9,98.3,73.5,61.2,60.3,55.4,20,20
Vanuatu,2025,61.8,61.4,48.1,71.3,97.6,43.1,85.4,55.5,48.8,65.7,59.4,65,40
Vanuatu,2024,62.2,63.3,47.9,71,98.8,45,90.4,55.1,40.1,69.9,59.6,65,40
Vanuatu,2023,62.1,60.3,72.2,45.5,98,45.5,95.4,49.8,40.1,73.8,59.7,65,40
Vanuatu,2022,62.9,57.8,42.4,71.2,96.8,60.1,96.1,49.1,40,74.4,61.6,65,40
Vanuatu,2021,60.5,53.3,39.5,34.1,96.8,61.7,94.9,49.4,54.5,75.5,61.6,65,40
Venezuela,2025,27.6,0.7,6.7,4.1,75.9,93.8,29.1,32.5,35.9,0,42.2,0,10
Venezuela,2024,28.1,0,6.4,3.3,75.9,96.6,36.5,31,35.7,0,42.2,0,10
Venezuela,2023,25.8,0,3.4,6.5,74.8,95,12,30.8,34.3,0,42.3,0,10
Venezuela,2022,24.8,0.2,7.1,4.6,74.1,78.3,0,30.8,37.6,0,54.8,0,10
Venezuela,2021,24.7,7.5,15.1,15.4,71.1,61.5,0,33.4,27.5,0,54.8,0,10
Vietnam,2025,65.2,49.9,39.1,35,81.8,88.8,95.8,73.9,54.5,73.9,79.8,60,50
Vietnam,2024,62.8,49.6,38.7,35.4,80.4,87.9,94.6,73.9,54.6,69.3,79.8,40,50
Vietnam,2023,61.8,48.7,35.1,36.4,78.6,86.5,88.7,73.4,54.1,70.5,79.4,40,50
Vietnam,2022,60.6,49.6,33.6,33.8,80.9,85.5,78.8,73.6,53.9,68.8,78.8,40,50
Vietnam,2021,61.7,51.3,38,35.9,80.3,86,82.8,65.2,62.6,69,79,40,50
Yemen,2025,N/A,5.1,6.1,8.3,N/A,N/A,N/A,N/A,N/A,N/A,N/A,N/A,N/A
Yemen,2024,N/A,5.7,6.9,8.3,N/A,N/A,N/A,N/A,N/A,N/A,N/A,N/A,N/A
Yemen,2023,N/A,6.3,8.3,7,N/A,N/A,N/A,28.4,30.7,N/A,N/A,N/A,N/A
Yemen,2022,N/A,N/A,N/A,N/A,N/A,N/A,N/A,N/A,N/A,N/A,N/A,N/A,N/A
Yemen,2021,N/A,16.5,17,19.7,N/A,95.6,48.9,46.1,57.7,54.6,67.4,N/A,N/A
Zambia,2025,50.9,45.8,36.7,45.3,74.7,75,0,45.9,48.7,68.2,65.8,55,50
Zambia,2024,48.4,36.2,30,44.1,74.1,71.7,0.6,49,40.4,66.2,63.4,55,50
Zambia,2023,47.8,36,44.4,29.9,74.8,69.6,0,43.9,42.1,62.2,65.2,55,50
Zambia,2022,48.7,38.3,30.8,45.2,70.9,73.3,0,44.2,41.9,66.4,68.2,55,50
Zambia,2021,50.4,37.2,30.5,26.2,71.1,78.5,5.3,66.1,45.6,71.2,68.2,55,50
Zimbabwe,2025,35.1,20.7,20.7,15.8,73.6,87.6,44.4,39.3,33.2,0,50.4,25,10
Zimbabwe,2024,38.2,20.2,19.8,16,74.6,92.1,78.5,39,32.8,0,50.4,25,10
Zimbabwe,2023,39,20,15.8,20,65.8,92.6,89.9,39.8,35.4,0,54,25,10
Zimbabwe,2022,33.1,20.8,20.6,16.3,66.1,87.2,79.8,36.9,34.9,0,0,25,10
Zimbabwe,2021,39.5,32.6,21.3,32,63.4,89.4,58.8,41.5,44.1,0,56,25,10